StartDate,EndDate,Status,Progress,Duration (in seconds),Finished,RecordedDate,DistributionChannel,UserLanguage,Q26,Q1_1,Q1_2,Q1_3,Q1_4,Q1_5,Q1_6,Q1_7,Q2_1,Q2_2,Q2_3,Q2_4,Q2_5,Q2_6,Q2_7,Q3_1,Q3_2,Q3_3,Q3_4,Q3_5,Q3_6,Q3_7,Q4_1,Q4_2,Q4_3,Q4_4,Q4_5,Q4_6,Q4_7,Q5_1,Q5_2,Q5_3,Q5_4,Q5_5,Q5_6,Q5_7,Q6_1,Q6_2,Q6_3,Q6_4,Q6_5,Q6_6,Q6_7,Q7_1,Q7_2,Q7_3,Q7_4,Q7_5,Q7_6,Q7_7,Q8_1,Q8_2,Q8_3,Q8_4,Q8_5,Q8_6,Q8_7,Q10_1,Q10_2,Q10_3,Q10_4,Q10_5,Q10_6,Q10_7,Q11_1,Q11_2,Q11_3,Q11_4,Q11_5,Q11_6,Q11_7,Q12_1,Q12_2,Q12_3,Q12_4,Q12_5,Q12_6,Q12_7,Q13_1,Q13_2,Q13_3,Q13_4,Q13_5,Q13_6,Q13_7,Q14_1,Q14_2,Q14_3,Q14_4,Q14_5,Q14_6,Q14_7,Q15_1,Q15_2,Q15_3,Q15_4,Q15_5,Q15_6,Q15_7,Q32_1,Q32_2,Q32_3,Q32_4,Q32_5,Q32_6,Q32_7,Q16_1,Q16_2,Q16_3,Q16_4,Q16_5,Q16_6,Q16_7,Q17_1,Q17_2,Q17_3,Q17_4,Q17_5,Q17_6,Q17_7,Q18_1,Q18_2,Q18_3,Q18_4,Q18_5,Q18_6,Q18_7,Q19,Q20_1,Q20_2,Q20_3,Q20_4,Q20_5,Q20_6,Q20_7,Q21_1,Q21_2,Q21_3,Q21_4,Q21_5,Q21_6,Q21_7,Q23,Q24_1,Q24_2,Q24_3,Q24_4,Q24_5,Q24_6,Q24_7,Q25_1,Q25_2,Q25_3,Q25_4,Q25_5,Q25_6,Q25_7,Q27_1,Q27_2,Q27_3,Q27_4,Q27_5,Q27_6,Q27_7,Q28_1,Q28_2,Q28_3,Q28_4,Q28_5,Q28_6,Q28_7,Q29_1,Q29_2,Q29_3,Q29_4,Q29_5,Q29_6,Q29_7,Q30_1,Q30_2,Q30_3,Q30_4,Q30_5,Q30_6,Q30_7,Q31_1,Q31_2,Q31_3,Q31_4,Q31_5,Q31_6,Q31_7,Q33_1,Q33_2,Q33_3,Q33_4,Q33_5,Q33_6,Q33_7,Q34_1,Q34_2,Q34_3,Q34_4,Q34_5,Q34_6,Q34_7,Q35_1,Q35_2,Q35_3,Q35_4,Q35_5,Q35_6,Q35_7,Q36_1,Q36_2,Q36_3,Q36_4,Q36_5,Q36_6,Q36_7,Q37_1,Q37_2,Q37_3,Q37_4,Q37_5,Q37_6,Q37_7,Q38_1,Q38_2,Q38_3,Q38_4,Q38_5,Q38_6,Q38_7,Q39_1,Q39_2,Q39_3,Q39_4,Q39_5,Q39_6,Q39_7,Q40_1,Q40_2,Q40_3,Q40_4,Q40_5,Q40_6,Q40_7,Q41_1,Q41_2,Q41_3,Q41_4,Q41_5,Q41_6,Q41_7,Q42_1,Q42_2,Q42_3,Q42_4,Q42_5,Q42_6,Q42_7,Q43_1,Q43_2,Q43_3,Q43_4,Q43_5,Q43_6,Q43_7,Q44_1,Q44_2,Q44_3,Q44_4,Q44_5,Q44_6,Q44_7,Q45_1,Q45_2,Q45_3,Q45_4,Q45_5,Q45_6,Q45_7,Q46_1,Q46_2,Q46_3,Q46_4,Q46_5,Q46_6,Q46_7,Q47_1,Q47_2,Q47_3,Q47_4,Q47_5,Q47_6,Q47_7,Q48_1,Q48_2,Q48_3,Q48_4,Q48_5,Q48_6,Q48_7,Q49_1,Q49_2,Q49_3,Q49_4,Q49_5,Q49_6,Q49_7,Q50_1,Q50_2,Q50_3,Q50_4,Q50_5,Q50_6,Q50_7,Q51_1,Q51_2,Q51_3,Q51_4,Q51_5,Q51_6,Q51_7,Q52_1,Q52_2,Q52_3,Q52_4,Q52_5,Q52_6,Q52_7,Q53_1,Q53_2,Q53_3,Q53_4,Q53_5,Q53_6,Q53_7,Q54_1,Q54_2,Q54_3,Q54_4,Q54_5,Q54_6,Q54_7,Q55_1,Q55_2,Q55_3,Q55_4,Q55_5,Q55_6,Q55_7
2025-03-16 12:18,2025-03-16 12:41,IP Address,100,1387,TRUE,2025-03-16 12:41,anonymous,EN,P0054,4.0,6.0,7.0,3.0,2.0,1.0,5.0,2.0,6.0,3.0,4.0,5.0,7.0,1.0,2.0,5.0,7.0,6.0,4.0,3.0,1.0,2.0,6.0,3.0,5.0,4.0,7.0,1.0,2.0,6.0,3.0,4.0,5.0,7.0,1.0,7.0,4.0,6.0,3.0,2.0,5.0,1.0,2.0,4.0,3.0,7.0,6.0,5.0,1.0,4.0,7.0,5.0,3.0,2.0,6.0,1.0,3.0,7.0,5.0,4.0,1.0,6.0,2.0,1.0,6.0,2.0,5.0,4.0,7.0,3.0,2.0,6.0,3.0,4.0,5.0,7.0,1.0,6.0,4.0,2.0,7.0,3.0,5.0,1.0,5.0,2.0,6.0,3.0,1.0,7.0,4.0,1.0,3.0,6.0,5.0,4.0,7.0,2.0,4.0,6.0,1.0,3.0,2.0,5.0,7.0,2.0,7.0,1.0,5.0,3.0,6.0,4.0,3.0,6.0,4.0,2.0,5.0,7.0,1.0,2.0,6.0,7.0,4.0,3.0,5.0,1.0,It was easy,1.0,6.0,3.0,5.0,4.0,7.0,2.0,6.0,3.0,2.0,4.0,1.0,7.0,5.0,It was easy,3.0,6.0,5.0,4.0,2.0,7.0,1.0,2.0,6.0,3.0,5.0,4.0,7.0,1.0,1.0,6.0,3.0,5.0,4.0,7.0,2.0,3.0,7.0,4.0,2.0,1.0,6.0,5.0,3.0,6.0,1.0,4.0,7.0,5.0,2.0,6.0,7.0,2.0,4.0,5.0,3.0,1.0,4.0,7.0,2.0,1.0,3.0,6.0,5.0,6.0,5.0,2.0,4.0,3.0,7.0,1.0,7.0,6.0,1.0,3.0,2.0,4.0,5.0,4.0,6.0,1.0,3.0,2.0,7.0,5.0,6.0,5.0,2.0,7.0,4.0,3.0,1.0,1.0,7.0,4.0,3.0,5.0,6.0,2.0,7.0,6.0,1.0,4.0,5.0,3.0,2.0,7.0,6.0,4.0,1.0,5.0,3.0,2.0,4.0,6.0,3.0,5.0,2.0,7.0,1.0,3.0,7.0,4.0,2.0,6.0,5.0,1.0,5.0,7.0,3.0,2.0,1.0,4.0,6.0,1.0,2.0,5.0,4.0,3.0,6.0,7.0,3.0,6.0,5.0,4.0,1.0,2.0,7.0,3.0,4.0,5.0,7.0,1.0,6.0,2.0,2.0,7.0,3.0,5.0,4.0,6.0,1.0,1.0,7.0,6.0,3.0,4.0,5.0,2.0,1.0,2.0,3.0,6.0,5.0,7.0,4.0,3.0,4.0,2.0,7.0,1.0,5.0,6.0,7.0,1.0,5.0,4.0,3.0,6.0,2.0,3.0,7.0,5.0,4.0,2.0,6.0,1.0,2.0,6.0,4.0,5.0,1.0,7.0,3.0,3.0,4.0,2.0,1.0,5.0,7.0,6.0,4.0,7.0,6.0,2.0,5.0,3.0,1.0,5.0,3.0,2.0,1.0,4.0,7.0,6.0
2025-03-16 12:28,2025-03-16 12:51,IP Address,100,1368,TRUE,2025-03-16 12:51,anonymous,EN,P0059,4.0,7.0,5.0,2.0,3.0,6.0,1.0,3.0,6.0,1.0,4.0,5.0,7.0,2.0,1.0,5.0,6.0,2.0,3.0,7.0,4.0,3.0,5.0,1.0,6.0,2.0,7.0,4.0,6.0,5.0,1.0,2.0,4.0,7.0,3.0,5.0,6.0,2.0,1.0,3.0,4.0,7.0,5.0,4.0,1.0,6.0,3.0,7.0,2.0,3.0,1.0,5.0,2.0,6.0,7.0,4.0,5.0,7.0,1.0,3.0,6.0,4.0,2.0,2.0,6.0,3.0,5.0,4.0,7.0,1.0,3.0,5.0,1.0,4.0,2.0,7.0,6.0,1.0,5.0,6.0,4.0,3.0,7.0,2.0,6.0,4.0,2.0,3.0,5.0,7.0,1.0,4.0,6.0,5.0,3.0,1.0,7.0,2.0,3.0,6.0,2.0,5.0,4.0,7.0,1.0,5.0,7.0,3.0,6.0,2.0,4.0,1.0,3.0,5.0,1.0,4.0,6.0,7.0,2.0,5.0,6.0,1.0,4.0,3.0,2.0,7.0,It was easy,3.0,6.0,2.0,5.0,4.0,7.0,1.0,4.0,7.0,3.0,2.0,6.0,5.0,1.0,It was easy,4.0,6.0,3.0,1.0,7.0,5.0,2.0,2.0,6.0,3.0,5.0,4.0,7.0,1.0,5.0,6.0,3.0,4.0,2.0,7.0,1.0,5.0,6.0,4.0,7.0,2.0,3.0,1.0,4.0,3.0,5.0,2.0,7.0,6.0,1.0,2.0,6.0,3.0,5.0,4.0,7.0,1.0,2.0,4.0,3.0,7.0,5.0,6.0,1.0,2.0,3.0,4.0,5.0,7.0,6.0,1.0,4.0,6.0,3.0,5.0,1.0,7.0,2.0,2.0,6.0,3.0,5.0,4.0,7.0,1.0,2.0,3.0,1.0,5.0,6.0,7.0,4.0,2.0,4.0,3.0,5.0,7.0,6.0,1.0,4.0,5.0,1.0,6.0,3.0,7.0,2.0,2.0,6.0,1.0,3.0,7.0,5.0,4.0,1.0,5.0,3.0,7.0,6.0,4.0,2.0,3.0,5.0,6.0,4.0,2.0,7.0,1.0,6.0,3.0,7.0,5.0,4.0,2.0,1.0,3.0,7.0,2.0,1.0,6.0,5.0,4.0,4.0,7.0,2.0,6.0,3.0,5.0,1.0,2.0,7.0,5.0,6.0,3.0,4.0,1.0,2.0,6.0,5.0,3.0,4.0,7.0,1.0,4.0,5.0,6.0,3.0,2.0,7.0,1.0,2.0,4.0,5.0,7.0,3.0,6.0,1.0,3.0,7.0,1.0,2.0,5.0,6.0,4.0,1.0,3.0,4.0,7.0,5.0,6.0,2.0,1.0,7.0,3.0,4.0,5.0,6.0,2.0,6.0,3.0,1.0,4.0,2.0,7.0,5.0,2.0,6.0,4.0,5.0,3.0,7.0,1.0,4.0,2.0,3.0,5.0,6.0,7.0,1.0,2.0,6.0,4.0,7.0,5.0,3.0,1.0
2025-03-16 12:34,2025-03-16 12:51,IP Address,100,1033,TRUE,2025-03-16 12:51,anonymous,EN,P0061,3.0,4.0,5.0,2.0,1.0,6.0,7.0,2.0,6.0,3.0,4.0,5.0,7.0,1.0,5.0,6.0,3.0,4.0,1.0,7.0,2.0,4.0,6.0,3.0,5.0,1.0,7.0,2.0,2.0,6.0,3.0,4.0,5.0,7.0,1.0,2.0,3.0,4.0,6.0,1.0,7.0,5.0,2.0,6.0,3.0,5.0,4.0,7.0,1.0,2.0,6.0,3.0,4.0,5.0,7.0,1.0,2.0,6.0,3.0,4.0,5.0,7.0,1.0,2.0,6.0,5.0,4.0,3.0,7.0,1.0,5.0,3.0,7.0,4.0,2.0,1.0,6.0,7.0,3.0,5.0,2.0,1.0,6.0,4.0,7.0,5.0,1.0,6.0,4.0,3.0,2.0,1.0,6.0,7.0,5.0,3.0,4.0,2.0,7.0,1.0,6.0,4.0,2.0,3.0,5.0,7.0,3.0,6.0,2.0,5.0,4.0,1.0,7.0,5.0,1.0,4.0,2.0,3.0,6.0,6.0,2.0,3.0,5.0,1.0,7.0,4.0,It was easy,2.0,4.0,1.0,3.0,7.0,6.0,5.0,1.0,2.0,3.0,4.0,5.0,7.0,6.0,It was easy,4.0,3.0,6.0,2.0,1.0,7.0,5.0,3.0,1.0,6.0,4.0,2.0,5.0,7.0,1.0,6.0,5.0,2.0,3.0,4.0,7.0,5.0,7.0,4.0,2.0,3.0,1.0,6.0,1.0,6.0,2.0,5.0,4.0,7.0,3.0,7.0,2.0,6.0,5.0,1.0,4.0,3.0,4.0,7.0,5.0,2.0,1.0,6.0,3.0,7.0,5.0,3.0,1.0,2.0,6.0,4.0,2.0,4.0,6.0,7.0,3.0,1.0,5.0,2.0,7.0,6.0,3.0,1.0,5.0,4.0,3.0,6.0,2.0,5.0,1.0,4.0,7.0,3.0,2.0,6.0,5.0,1.0,7.0,4.0,2.0,7.0,5.0,6.0,3.0,4.0,1.0,5.0,4.0,7.0,3.0,1.0,6.0,2.0,6.0,7.0,5.0,1.0,2.0,3.0,4.0,7.0,4.0,6.0,2.0,5.0,3.0,1.0,7.0,6.0,1.0,5.0,3.0,4.0,2.0,7.0,5.0,4.0,2.0,3.0,6.0,1.0,7.0,1.0,6.0,3.0,2.0,5.0,4.0,2.0,6.0,1.0,4.0,3.0,7.0,5.0,1.0,7.0,4.0,2.0,5.0,3.0,6.0,3.0,6.0,1.0,4.0,2.0,7.0,5.0,1.0,4.0,6.0,2.0,3.0,7.0,5.0,3.0,5.0,6.0,4.0,1.0,7.0,2.0,7.0,6.0,2.0,1.0,4.0,5.0,3.0,6.0,2.0,3.0,4.0,1.0,7.0,5.0,2.0,5.0,1.0,4.0,3.0,7.0,6.0,5.0,4.0,3.0,2.0,1.0,7.0,6.0,3.0,4.0,1.0,7.0,6.0,5.0,2.0,2.0,6.0,4.0,5.0,3.0,7.0,1.0
2025-03-16 12:32,2025-03-16 12:57,IP Address,100,1480,TRUE,2025-03-16 12:57,anonymous,EN,P0060,6.0,1.0,3.0,4.0,2.0,5.0,7.0,7.0,4.0,2.0,1.0,3.0,6.0,5.0,5.0,4.0,7.0,3.0,1.0,6.0,2.0,2.0,6.0,3.0,4.0,5.0,7.0,1.0,4.0,6.0,2.0,1.0,7.0,5.0,3.0,2.0,5.0,7.0,3.0,1.0,6.0,4.0,6.0,3.0,4.0,5.0,2.0,1.0,7.0,5.0,3.0,6.0,7.0,1.0,4.0,2.0,6.0,1.0,7.0,2.0,5.0,3.0,4.0,1.0,5.0,4.0,6.0,3.0,7.0,2.0,2.0,6.0,7.0,4.0,3.0,1.0,5.0,2.0,5.0,1.0,6.0,3.0,7.0,4.0,3.0,2.0,7.0,4.0,1.0,5.0,6.0,4.0,5.0,1.0,7.0,2.0,6.0,3.0,3.0,5.0,4.0,2.0,1.0,7.0,6.0,5.0,6.0,3.0,4.0,1.0,7.0,2.0,7.0,4.0,1.0,3.0,2.0,6.0,5.0,5.0,3.0,7.0,2.0,1.0,4.0,6.0,It was easy,2.0,7.0,5.0,6.0,1.0,4.0,3.0,3.0,7.0,4.0,2.0,1.0,6.0,5.0,It was easy,2.0,1.0,5.0,3.0,4.0,7.0,6.0,5.0,3.0,7.0,1.0,6.0,4.0,2.0,7.0,2.0,6.0,5.0,4.0,3.0,1.0,6.0,4.0,1.0,2.0,3.0,7.0,5.0,4.0,7.0,5.0,3.0,2.0,6.0,1.0,4.0,7.0,5.0,2.0,3.0,6.0,1.0,7.0,3.0,6.0,2.0,1.0,5.0,4.0,7.0,5.0,4.0,1.0,2.0,3.0,6.0,4.0,6.0,3.0,5.0,1.0,7.0,2.0,2.0,5.0,3.0,7.0,1.0,4.0,6.0,2.0,6.0,1.0,5.0,3.0,7.0,4.0,4.0,2.0,3.0,5.0,7.0,6.0,1.0,3.0,7.0,5.0,2.0,1.0,6.0,4.0,7.0,2.0,1.0,3.0,4.0,6.0,5.0,7.0,3.0,2.0,4.0,1.0,6.0,5.0,3.0,6.0,5.0,4.0,2.0,7.0,1.0,6.0,4.0,2.0,7.0,3.0,1.0,5.0,6.0,4.0,2.0,7.0,1.0,5.0,3.0,1.0,4.0,7.0,6.0,2.0,3.0,5.0,7.0,4.0,1.0,3.0,2.0,6.0,5.0,7.0,2.0,6.0,5.0,4.0,3.0,1.0,7.0,5.0,4.0,3.0,2.0,6.0,1.0,6.0,4.0,2.0,7.0,1.0,5.0,3.0,5.0,1.0,2.0,7.0,3.0,6.0,4.0,3.0,2.0,6.0,5.0,1.0,7.0,4.0,7.0,3.0,6.0,4.0,2.0,5.0,1.0,7.0,4.0,6.0,5.0,3.0,1.0,2.0,3.0,6.0,1.0,2.0,4.0,7.0,5.0,7.0,4.0,5.0,6.0,2.0,3.0,1.0,2.0,6.0,7.0,3.0,1.0,4.0,5.0
2025-03-16 12:34,2025-03-16 12:58,IP Address,100,1438,TRUE,2025-03-16 12:58,anonymous,EN,P0062,3.0,4.0,2.0,6.0,5.0,7.0,1.0,3.0,6.0,2.0,5.0,4.0,7.0,1.0,2.0,5.0,3.0,4.0,7.0,6.0,1.0,3.0,6.0,2.0,5.0,4.0,7.0,1.0,3.0,4.0,1.0,6.0,5.0,7.0,2.0,4.0,2.0,1.0,5.0,6.0,7.0,3.0,6.0,7.0,3.0,2.0,4.0,5.0,1.0,2.0,4.0,3.0,5.0,6.0,7.0,1.0,4.0,7.0,1.0,6.0,2.0,5.0,3.0,3.0,7.0,2.0,6.0,5.0,4.0,1.0,2.0,7.0,3.0,6.0,4.0,5.0,1.0,2.0,5.0,3.0,6.0,4.0,7.0,1.0,2.0,3.0,5.0,4.0,7.0,6.0,1.0,2.0,7.0,5.0,4.0,3.0,6.0,1.0,3.0,4.0,1.0,5.0,6.0,7.0,2.0,2.0,6.0,5.0,7.0,3.0,4.0,1.0,4.0,5.0,2.0,3.0,6.0,7.0,1.0,2.0,7.0,1.0,6.0,5.0,4.0,3.0,It was easy,2.0,6.0,3.0,4.0,5.0,7.0,1.0,5.0,4.0,2.0,7.0,3.0,6.0,1.0,It was easy,3.0,7.0,5.0,2.0,4.0,6.0,1.0,1.0,6.0,2.0,5.0,4.0,7.0,3.0,3.0,6.0,4.0,5.0,2.0,7.0,1.0,2.0,5.0,3.0,7.0,4.0,6.0,1.0,3.0,6.0,2.0,5.0,4.0,7.0,1.0,3.0,6.0,1.0,5.0,4.0,7.0,2.0,2.0,6.0,5.0,4.0,3.0,7.0,1.0,2.0,4.0,3.0,6.0,5.0,7.0,1.0,2.0,6.0,4.0,5.0,3.0,7.0,1.0,2.0,6.0,5.0,4.0,3.0,7.0,1.0,2.0,7.0,4.0,3.0,5.0,6.0,1.0,2.0,5.0,4.0,6.0,3.0,7.0,1.0,2.0,6.0,4.0,5.0,3.0,7.0,1.0,3.0,6.0,2.0,4.0,5.0,7.0,1.0,2.0,5.0,1.0,6.0,4.0,7.0,3.0,2.0,4.0,5.0,6.0,3.0,7.0,1.0,7.0,5.0,6.0,3.0,2.0,4.0,1.0,2.0,4.0,3.0,7.0,5.0,6.0,1.0,4.0,6.0,2.0,5.0,3.0,7.0,1.0,2.0,7.0,4.0,3.0,5.0,6.0,1.0,2.0,5.0,4.0,3.0,6.0,7.0,1.0,4.0,3.0,2.0,6.0,5.0,7.0,1.0,4.0,7.0,6.0,2.0,3.0,5.0,1.0,3.0,6.0,5.0,1.0,4.0,7.0,2.0,2.0,6.0,3.0,4.0,5.0,7.0,1.0,3.0,7.0,2.0,4.0,5.0,6.0,1.0,3.0,6.0,1.0,5.0,4.0,7.0,2.0,2.0,5.0,4.0,6.0,1.0,7.0,3.0,3.0,6.0,2.0,5.0,4.0,7.0,1.0,3.0,7.0,2.0,6.0,4.0,5.0,1.0
2025-03-16 12:23,2025-03-16 12:58,IP Address,100,2096,TRUE,2025-03-16 12:58,anonymous,EN,P0056,2.0,4.0,7.0,6.0,1.0,5.0,3.0,1.0,6.0,4.0,5.0,3.0,7.0,2.0,4.0,5.0,3.0,2.0,6.0,7.0,1.0,3.0,4.0,2.0,7.0,5.0,6.0,1.0,1.0,6.0,3.0,7.0,4.0,5.0,2.0,1.0,6.0,3.0,5.0,4.0,7.0,2.0,4.0,3.0,2.0,5.0,6.0,7.0,1.0,2.0,3.0,6.0,4.0,7.0,5.0,1.0,2.0,6.0,4.0,5.0,3.0,7.0,1.0,2.0,7.0,4.0,6.0,3.0,5.0,1.0,2.0,6.0,4.0,5.0,3.0,7.0,1.0,1.0,7.0,5.0,2.0,4.0,6.0,3.0,1.0,4.0,2.0,7.0,6.0,5.0,3.0,2.0,3.0,1.0,6.0,5.0,7.0,4.0,3.0,4.0,1.0,5.0,7.0,6.0,2.0,2.0,5.0,6.0,7.0,4.0,3.0,1.0,4.0,5.0,2.0,6.0,3.0,7.0,1.0,6.0,5.0,1.0,7.0,2.0,3.0,4.0,It was easy,2.0,6.0,4.0,5.0,3.0,7.0,1.0,5.0,7.0,3.0,1.0,4.0,6.0,2.0,It was easy,4.0,2.0,6.0,5.0,1.0,7.0,3.0,2.0,4.0,3.0,5.0,6.0,7.0,1.0,1.0,4.0,6.0,5.0,3.0,7.0,2.0,1.0,6.0,3.0,5.0,4.0,7.0,2.0,2.0,6.0,3.0,5.0,1.0,7.0,4.0,3.0,7.0,1.0,5.0,6.0,4.0,2.0,1.0,5.0,4.0,6.0,2.0,7.0,3.0,1.0,4.0,3.0,5.0,7.0,6.0,2.0,2.0,6.0,3.0,5.0,4.0,7.0,1.0,5.0,6.0,3.0,4.0,2.0,7.0,1.0,2.0,4.0,5.0,3.0,7.0,6.0,1.0,3.0,6.0,2.0,5.0,4.0,7.0,1.0,3.0,7.0,1.0,6.0,4.0,5.0,2.0,5.0,6.0,3.0,4.0,2.0,7.0,1.0,2.0,4.0,3.0,6.0,7.0,5.0,1.0,2.0,4.0,5.0,6.0,3.0,7.0,1.0,1.0,3.0,7.0,6.0,5.0,4.0,2.0,4.0,3.0,2.0,6.0,7.0,5.0,1.0,4.0,5.0,1.0,6.0,3.0,7.0,2.0,3.0,4.0,2.0,6.0,7.0,5.0,1.0,3.0,5.0,2.0,4.0,6.0,7.0,1.0,3.0,4.0,1.0,6.0,5.0,7.0,2.0,5.0,4.0,7.0,2.0,1.0,6.0,3.0,1.0,6.0,4.0,5.0,2.0,7.0,3.0,2.0,5.0,3.0,6.0,4.0,7.0,1.0,6.0,4.0,2.0,3.0,5.0,7.0,1.0,2.0,4.0,3.0,7.0,5.0,6.0,1.0,3.0,4.0,2.0,6.0,5.0,7.0,1.0,4.0,3.0,2.0,6.0,7.0,5.0,1.0,2.0,5.0,4.0,7.0,3.0,6.0,1.0
2025-03-16 12:27,2025-03-16 13:04,IP Address,100,2235,TRUE,2025-03-16 13:04,anonymous,EN,P0058,2.0,5.0,7.0,4.0,3.0,6.0,1.0,3.0,5.0,2.0,4.0,6.0,7.0,1.0,1.0,6.0,5.0,4.0,3.0,7.0,2.0,5.0,6.0,3.0,4.0,2.0,7.0,1.0,1.0,6.0,2.0,4.0,3.0,7.0,5.0,3.0,6.0,1.0,5.0,4.0,7.0,2.0,1.0,4.0,7.0,6.0,5.0,3.0,2.0,4.0,7.0,3.0,5.0,2.0,6.0,1.0,2.0,5.0,3.0,7.0,6.0,4.0,1.0,3.0,4.0,2.0,7.0,6.0,5.0,1.0,2.0,7.0,6.0,5.0,3.0,4.0,1.0,3.0,4.0,2.0,5.0,7.0,6.0,1.0,1.0,3.0,7.0,4.0,5.0,6.0,2.0,2.0,4.0,7.0,6.0,5.0,3.0,1.0,1.0,7.0,3.0,5.0,6.0,4.0,2.0,6.0,4.0,2.0,3.0,5.0,7.0,1.0,2.0,5.0,7.0,4.0,3.0,6.0,1.0,2.0,7.0,6.0,5.0,4.0,3.0,1.0,It was easy,3.0,7.0,6.0,1.0,4.0,5.0,2.0,2.0,6.0,1.0,4.0,3.0,7.0,5.0,It was easy,4.0,5.0,6.0,3.0,1.0,7.0,2.0,1.0,5.0,3.0,4.0,6.0,7.0,2.0,4.0,7.0,2.0,5.0,3.0,6.0,1.0,1.0,5.0,3.0,7.0,6.0,4.0,2.0,7.0,6.0,3.0,4.0,2.0,5.0,1.0,3.0,4.0,1.0,6.0,5.0,7.0,2.0,2.0,3.0,4.0,6.0,5.0,7.0,1.0,2.0,4.0,3.0,6.0,7.0,5.0,1.0,7.0,5.0,3.0,4.0,2.0,6.0,1.0,2.0,5.0,7.0,3.0,4.0,6.0,1.0,3.0,5.0,7.0,4.0,2.0,6.0,1.0,3.0,6.0,4.0,2.0,7.0,5.0,1.0,4.0,6.0,3.0,5.0,2.0,7.0,1.0,2.0,6.0,3.0,5.0,4.0,7.0,1.0,3.0,6.0,2.0,5.0,4.0,7.0,1.0,2.0,7.0,6.0,3.0,4.0,5.0,1.0,1.0,7.0,4.0,6.0,3.0,5.0,2.0,2.0,5.0,4.0,3.0,7.0,6.0,1.0,3.0,7.0,2.0,5.0,4.0,6.0,1.0,7.0,4.0,2.0,5.0,3.0,6.0,1.0,2.0,7.0,5.0,3.0,4.0,6.0,1.0,2.0,7.0,6.0,4.0,5.0,3.0,1.0,5.0,7.0,6.0,2.0,1.0,4.0,3.0,1.0,6.0,7.0,2.0,4.0,3.0,5.0,1.0,6.0,5.0,4.0,3.0,7.0,2.0,6.0,4.0,3.0,2.0,7.0,5.0,1.0,7.0,5.0,1.0,2.0,4.0,3.0,6.0,1.0,3.0,6.0,4.0,2.0,7.0,5.0,4.0,7.0,3.0,2.0,6.0,5.0,1.0,2.0,4.0,5.0,6.0,3.0,7.0,1.0
2025-03-16 12:17,2025-03-16 13:05,IP Address,100,2863,TRUE,2025-03-16 13:05,anonymous,EN,P0055,3.0,5.0,2.0,7.0,4.0,6.0,1.0,3.0,6.0,1.0,5.0,4.0,7.0,2.0,3.0,5.0,2.0,4.0,7.0,6.0,1.0,6.0,3.0,2.0,7.0,5.0,4.0,1.0,3.0,5.0,6.0,4.0,2.0,7.0,1.0,1.0,4.0,6.0,3.0,5.0,7.0,2.0,4.0,5.0,2.0,6.0,3.0,7.0,1.0,3.0,7.0,4.0,2.0,6.0,5.0,1.0,2.0,6.0,3.0,4.0,5.0,7.0,1.0,1.0,5.0,3.0,4.0,7.0,6.0,2.0,5.0,7.0,6.0,4.0,3.0,2.0,1.0,3.0,7.0,4.0,5.0,2.0,6.0,1.0,1.0,4.0,3.0,6.0,5.0,7.0,2.0,2.0,4.0,6.0,7.0,3.0,5.0,1.0,2.0,7.0,3.0,6.0,4.0,5.0,1.0,3.0,7.0,2.0,4.0,5.0,6.0,1.0,2.0,5.0,7.0,4.0,3.0,6.0,1.0,2.0,6.0,1.0,5.0,4.0,7.0,3.0,It was easy,7.0,6.0,3.0,4.0,2.0,5.0,1.0,4.0,3.0,2.0,7.0,5.0,6.0,1.0,It was easy,1.0,4.0,2.0,5.0,6.0,7.0,3.0,4.0,6.0,3.0,2.0,5.0,7.0,1.0,3.0,6.0,4.0,5.0,2.0,7.0,1.0,1.0,5.0,3.0,6.0,4.0,7.0,2.0,3.0,6.0,2.0,5.0,4.0,7.0,1.0,6.0,5.0,2.0,4.0,3.0,7.0,1.0,1.0,5.0,4.0,6.0,3.0,7.0,2.0,1.0,3.0,2.0,5.0,4.0,6.0,7.0,2.0,4.0,6.0,3.0,5.0,7.0,1.0,3.0,6.0,2.0,5.0,4.0,7.0,1.0,1.0,7.0,4.0,3.0,5.0,6.0,2.0,2.0,3.0,5.0,4.0,7.0,6.0,1.0,4.0,6.0,3.0,5.0,2.0,7.0,1.0,2.0,7.0,3.0,4.0,5.0,6.0,1.0,1.0,6.0,3.0,7.0,5.0,4.0,2.0,2.0,3.0,6.0,5.0,4.0,7.0,1.0,4.0,7.0,6.0,2.0,3.0,5.0,1.0,2.0,4.0,3.0,7.0,5.0,6.0,1.0,2.0,5.0,6.0,3.0,1.0,7.0,4.0,2.0,6.0,3.0,5.0,4.0,7.0,1.0,6.0,4.0,2.0,5.0,3.0,7.0,1.0,2.0,6.0,5.0,4.0,3.0,7.0,1.0,6.0,2.0,3.0,5.0,1.0,7.0,4.0,3.0,5.0,2.0,4.0,1.0,7.0,6.0,3.0,6.0,1.0,5.0,4.0,7.0,2.0,2.0,7.0,6.0,5.0,3.0,4.0,1.0,2.0,4.0,3.0,6.0,7.0,5.0,1.0,1.0,5.0,4.0,6.0,3.0,7.0,2.0,5.0,6.0,2.0,4.0,3.0,7.0,1.0,7.0,4.0,6.0,3.0,2.0,5.0,1.0
2025-03-16 12:23,2025-03-16 13:27,IP Address,100,3841,TRUE,2025-03-16 13:27,anonymous,EN,P0057,6.0,5.0,4.0,2.0,1.0,7.0,3.0,2.0,4.0,3.0,6.0,5.0,7.0,1.0,2.0,7.0,6.0,4.0,3.0,5.0,1.0,2.0,3.0,4.0,7.0,5.0,6.0,1.0,2.0,5.0,4.0,6.0,3.0,7.0,1.0,2.0,3.0,4.0,5.0,6.0,7.0,1.0,4.0,6.0,3.0,5.0,2.0,7.0,1.0,4.0,3.0,2.0,5.0,7.0,6.0,1.0,4.0,3.0,2.0,6.0,7.0,5.0,1.0,2.0,7.0,5.0,6.0,4.0,3.0,1.0,2.0,5.0,3.0,6.0,4.0,7.0,1.0,3.0,1.0,4.0,5.0,6.0,7.0,2.0,3.0,4.0,2.0,6.0,5.0,7.0,1.0,2.0,6.0,4.0,5.0,3.0,7.0,1.0,3.0,5.0,2.0,4.0,7.0,6.0,1.0,4.0,6.0,3.0,5.0,2.0,7.0,1.0,2.0,3.0,4.0,6.0,5.0,7.0,1.0,3.0,4.0,5.0,6.0,2.0,7.0,1.0,It was easy,2.0,6.0,3.0,4.0,5.0,7.0,1.0,3.0,7.0,5.0,1.0,2.0,6.0,4.0,It was easy,6.0,3.0,7.0,5.0,4.0,2.0,1.0,3.0,6.0,1.0,5.0,4.0,7.0,2.0,5.0,6.0,4.0,2.0,3.0,7.0,1.0,2.0,5.0,3.0,7.0,4.0,6.0,1.0,4.0,3.0,2.0,5.0,6.0,7.0,1.0,3.0,4.0,2.0,7.0,5.0,6.0,1.0,2.0,5.0,4.0,6.0,3.0,7.0,1.0,1.0,6.0,2.0,5.0,4.0,7.0,3.0,6.0,5.0,3.0,4.0,2.0,7.0,1.0,1.0,3.0,5.0,4.0,6.0,7.0,2.0,4.0,5.0,1.0,3.0,7.0,6.0,2.0,2.0,6.0,5.0,4.0,3.0,7.0,1.0,4.0,7.0,3.0,2.0,5.0,6.0,1.0,3.0,6.0,4.0,5.0,2.0,7.0,1.0,1.0,6.0,4.0,5.0,3.0,7.0,2.0,2.0,6.0,5.0,4.0,3.0,7.0,1.0,2.0,7.0,3.0,5.0,4.0,6.0,1.0,2.0,4.0,1.0,5.0,6.0,7.0,3.0,2.0,5.0,4.0,6.0,3.0,7.0,1.0,5.0,4.0,2.0,3.0,7.0,6.0,1.0,2.0,5.0,7.0,4.0,3.0,6.0,1.0,2.0,5.0,4.0,7.0,3.0,6.0,1.0,4.0,5.0,2.0,6.0,3.0,7.0,1.0,1.0,2.0,7.0,3.0,6.0,4.0,5.0,3.0,5.0,2.0,4.0,7.0,6.0,1.0,5.0,4.0,2.0,3.0,6.0,7.0,1.0,3.0,7.0,1.0,5.0,4.0,6.0,2.0,2.0,3.0,7.0,4.0,6.0,5.0,1.0,4.0,2.0,3.0,5.0,6.0,7.0,1.0,3.0,6.0,4.0,2.0,5.0,7.0,1.0
2025-03-16 13:33,2025-03-16 13:48,IP Address,100,936,TRUE,2025-03-16 13:48,anonymous,EN,P0070,1.0,6.0,4.0,2.0,7.0,5.0,3.0,1.0,4.0,7.0,3.0,2.0,6.0,5.0,6.0,3.0,4.0,2.0,1.0,5.0,7.0,2.0,4.0,7.0,6.0,3.0,5.0,1.0,5.0,7.0,1.0,2.0,4.0,3.0,6.0,5.0,7.0,4.0,2.0,3.0,1.0,6.0,6.0,5.0,3.0,4.0,2.0,7.0,1.0,3.0,4.0,6.0,5.0,2.0,7.0,1.0,2.0,6.0,3.0,5.0,4.0,7.0,1.0,1.0,7.0,5.0,3.0,2.0,6.0,4.0,2.0,6.0,5.0,4.0,1.0,7.0,3.0,7.0,5.0,3.0,4.0,2.0,6.0,1.0,2.0,6.0,4.0,5.0,1.0,7.0,3.0,2.0,3.0,5.0,1.0,4.0,7.0,6.0,6.0,7.0,1.0,5.0,2.0,4.0,3.0,4.0,5.0,7.0,2.0,1.0,6.0,3.0,3.0,1.0,2.0,6.0,4.0,7.0,5.0,2.0,7.0,3.0,6.0,1.0,4.0,5.0,It was easy,3.0,5.0,2.0,4.0,6.0,7.0,1.0,5.0,6.0,3.0,1.0,2.0,7.0,4.0,It was easy,4.0,1.0,2.0,5.0,6.0,7.0,3.0,3.0,4.0,6.0,7.0,2.0,5.0,1.0,6.0,4.0,7.0,1.0,3.0,2.0,5.0,4.0,6.0,3.0,2.0,1.0,5.0,7.0,6.0,3.0,1.0,5.0,2.0,7.0,4.0,1.0,6.0,4.0,2.0,3.0,7.0,5.0,1.0,2.0,5.0,6.0,4.0,7.0,3.0,7.0,3.0,4.0,2.0,6.0,5.0,1.0,3.0,5.0,2.0,4.0,1.0,7.0,6.0,6.0,3.0,5.0,7.0,1.0,4.0,2.0,7.0,4.0,3.0,5.0,2.0,6.0,1.0,4.0,6.0,5.0,7.0,3.0,2.0,1.0,1.0,6.0,2.0,5.0,3.0,7.0,4.0,3.0,4.0,1.0,6.0,5.0,7.0,2.0,1.0,3.0,5.0,4.0,7.0,6.0,2.0,2.0,4.0,5.0,3.0,7.0,6.0,1.0,2.0,4.0,5.0,3.0,1.0,7.0,6.0,1.0,7.0,3.0,6.0,2.0,5.0,4.0,3.0,2.0,5.0,1.0,4.0,7.0,6.0,4.0,5.0,2.0,6.0,3.0,7.0,1.0,2.0,6.0,4.0,5.0,3.0,7.0,1.0,1.0,6.0,2.0,4.0,5.0,7.0,3.0,7.0,6.0,2.0,4.0,3.0,1.0,5.0,6.0,1.0,3.0,4.0,2.0,7.0,5.0,4.0,3.0,7.0,5.0,1.0,6.0,2.0,2.0,5.0,3.0,4.0,1.0,6.0,7.0,6.0,7.0,4.0,5.0,3.0,2.0,1.0,7.0,6.0,4.0,3.0,1.0,5.0,2.0,5.0,3.0,1.0,6.0,4.0,7.0,2.0,3.0,7.0,4.0,6.0,2.0,1.0,5.0
2025-03-16 13:32,2025-03-16 13:52,IP Address,100,1159,TRUE,2025-03-16 13:52,anonymous,EN,P0068,4.0,3.0,2.0,5.0,6.0,7.0,1.0,2.0,5.0,3.0,4.0,6.0,7.0,1.0,2.0,4.0,6.0,3.0,5.0,7.0,1.0,2.0,3.0,7.0,6.0,4.0,5.0,1.0,3.0,6.0,2.0,5.0,4.0,7.0,1.0,2.0,4.0,3.0,5.0,6.0,7.0,1.0,7.0,3.0,1.0,5.0,4.0,6.0,2.0,4.0,7.0,5.0,3.0,2.0,6.0,1.0,6.0,7.0,3.0,1.0,4.0,5.0,2.0,2.0,6.0,5.0,4.0,3.0,7.0,1.0,3.0,6.0,2.0,5.0,4.0,7.0,1.0,2.0,7.0,4.0,3.0,5.0,6.0,1.0,5.0,4.0,2.0,3.0,7.0,6.0,1.0,1.0,4.0,3.0,6.0,5.0,7.0,2.0,4.0,3.0,1.0,6.0,7.0,5.0,2.0,6.0,5.0,3.0,4.0,1.0,7.0,2.0,1.0,6.0,4.0,5.0,3.0,7.0,2.0,2.0,4.0,7.0,6.0,5.0,3.0,1.0,It was easy,2.0,6.0,1.0,5.0,4.0,7.0,3.0,4.0,7.0,3.0,2.0,5.0,6.0,1.0,It was easy,3.0,2.0,7.0,5.0,4.0,6.0,1.0,1.0,3.0,4.0,6.0,5.0,7.0,2.0,5.0,3.0,4.0,6.0,2.0,7.0,1.0,1.0,6.0,3.0,5.0,4.0,7.0,2.0,3.0,6.0,4.0,2.0,7.0,5.0,1.0,4.0,3.0,1.0,6.0,5.0,7.0,2.0,2.0,5.0,4.0,6.0,3.0,7.0,1.0,1.0,5.0,3.0,4.0,6.0,7.0,2.0,6.0,3.0,5.0,4.0,2.0,7.0,1.0,4.0,3.0,5.0,1.0,7.0,6.0,2.0,3.0,4.0,5.0,6.0,1.0,7.0,2.0,2.0,7.0,5.0,3.0,6.0,4.0,1.0,4.0,6.0,3.0,2.0,7.0,5.0,1.0,3.0,6.0,5.0,4.0,2.0,7.0,1.0,1.0,6.0,3.0,5.0,4.0,7.0,2.0,2.0,5.0,3.0,4.0,7.0,6.0,1.0,4.0,2.0,7.0,5.0,3.0,6.0,1.0,1.0,3.0,4.0,5.0,6.0,7.0,2.0,4.0,7.0,3.0,6.0,1.0,2.0,5.0,2.0,7.0,4.0,3.0,5.0,6.0,1.0,2.0,6.0,3.0,5.0,4.0,7.0,1.0,5.0,6.0,3.0,4.0,2.0,7.0,1.0,6.0,5.0,4.0,7.0,3.0,2.0,1.0,1.0,2.0,3.0,6.0,5.0,7.0,4.0,2.0,5.0,3.0,7.0,4.0,6.0,1.0,7.0,4.0,5.0,3.0,2.0,6.0,1.0,6.0,4.0,7.0,3.0,2.0,5.0,1.0,2.0,5.0,3.0,6.0,4.0,7.0,1.0,2.0,6.0,3.0,5.0,4.0,7.0,1.0,2.0,6.0,4.0,5.0,3.0,7.0,1.0
2025-03-16 13:33,2025-03-16 13:58,IP Address,100,1513,TRUE,2025-03-16 13:58,anonymous,EN,P0067,7.0,5.0,1.0,3.0,2.0,6.0,4.0,6.0,1.0,3.0,2.0,5.0,7.0,4.0,3.0,2.0,7.0,4.0,6.0,5.0,1.0,2.0,5.0,1.0,7.0,4.0,6.0,3.0,2.0,6.0,3.0,4.0,5.0,7.0,1.0,1.0,5.0,3.0,4.0,2.0,7.0,6.0,2.0,6.0,3.0,4.0,5.0,7.0,1.0,3.0,2.0,4.0,5.0,6.0,7.0,1.0,3.0,6.0,1.0,5.0,2.0,7.0,4.0,1.0,6.0,5.0,7.0,4.0,3.0,2.0,2.0,3.0,4.0,6.0,7.0,5.0,1.0,2.0,7.0,6.0,4.0,3.0,5.0,1.0,1.0,6.0,2.0,5.0,4.0,7.0,3.0,3.0,2.0,4.0,6.0,1.0,7.0,5.0,2.0,3.0,6.0,5.0,1.0,4.0,7.0,2.0,7.0,3.0,6.0,1.0,5.0,4.0,5.0,6.0,3.0,4.0,2.0,1.0,7.0,2.0,6.0,1.0,7.0,3.0,5.0,4.0,It was easy,1.0,6.0,3.0,5.0,4.0,7.0,2.0,7.0,4.0,3.0,2.0,1.0,5.0,6.0,It was easy,2.0,7.0,5.0,4.0,3.0,6.0,1.0,3.0,7.0,1.0,2.0,6.0,5.0,4.0,4.0,3.0,5.0,2.0,6.0,7.0,1.0,1.0,6.0,4.0,7.0,3.0,5.0,2.0,6.0,2.0,5.0,3.0,4.0,7.0,1.0,4.0,5.0,3.0,7.0,1.0,2.0,6.0,6.0,4.0,1.0,5.0,2.0,7.0,3.0,2.0,5.0,1.0,7.0,3.0,4.0,6.0,7.0,5.0,1.0,4.0,3.0,6.0,2.0,4.0,5.0,1.0,6.0,3.0,7.0,2.0,4.0,6.0,2.0,1.0,7.0,5.0,3.0,3.0,6.0,4.0,5.0,1.0,7.0,2.0,3.0,6.0,4.0,2.0,1.0,7.0,5.0,6.0,7.0,2.0,5.0,1.0,4.0,3.0,5.0,7.0,1.0,3.0,2.0,6.0,4.0,3.0,7.0,1.0,4.0,2.0,5.0,6.0,4.0,2.0,5.0,3.0,1.0,7.0,6.0,4.0,3.0,1.0,2.0,7.0,5.0,6.0,6.0,3.0,5.0,1.0,4.0,7.0,2.0,4.0,3.0,6.0,1.0,2.0,5.0,7.0,3.0,4.0,1.0,6.0,5.0,7.0,2.0,7.0,5.0,3.0,1.0,2.0,6.0,4.0,7.0,5.0,6.0,3.0,2.0,1.0,4.0,2.0,1.0,6.0,4.0,3.0,5.0,7.0,7.0,3.0,1.0,5.0,4.0,6.0,2.0,2.0,7.0,3.0,4.0,5.0,6.0,1.0,3.0,6.0,4.0,2.0,1.0,5.0,7.0,2.0,6.0,7.0,4.0,5.0,3.0,1.0,3.0,5.0,1.0,4.0,6.0,7.0,2.0,6.0,4.0,2.0,3.0,1.0,7.0,5.0
2025-03-16 13:33,2025-03-16 13:59,IP Address,100,1559,TRUE,2025-03-16 13:59,anonymous,EN,P0071,2.0,6.0,4.0,7.0,1.0,5.0,3.0,6.0,5.0,2.0,3.0,1.0,7.0,4.0,6.0,7.0,1.0,3.0,5.0,4.0,2.0,2.0,6.0,5.0,4.0,3.0,7.0,1.0,2.0,5.0,1.0,6.0,4.0,7.0,3.0,1.0,2.0,4.0,6.0,3.0,5.0,7.0,4.0,7.0,2.0,6.0,3.0,5.0,1.0,1.0,6.0,4.0,5.0,3.0,7.0,2.0,4.0,5.0,3.0,2.0,6.0,7.0,1.0,4.0,6.0,2.0,5.0,3.0,7.0,1.0,3.0,7.0,1.0,6.0,5.0,4.0,2.0,2.0,5.0,1.0,7.0,4.0,6.0,3.0,5.0,2.0,7.0,4.0,3.0,6.0,1.0,2.0,6.0,5.0,4.0,1.0,7.0,3.0,1.0,4.0,3.0,6.0,7.0,5.0,2.0,2.0,5.0,3.0,6.0,4.0,7.0,1.0,3.0,6.0,2.0,7.0,4.0,5.0,1.0,3.0,6.0,1.0,5.0,4.0,7.0,2.0,It was easy,4.0,7.0,3.0,5.0,1.0,6.0,2.0,1.0,6.0,4.0,5.0,2.0,7.0,3.0,It was easy,2.0,6.0,3.0,5.0,4.0,7.0,1.0,2.0,5.0,4.0,1.0,7.0,6.0,3.0,3.0,6.0,5.0,4.0,1.0,7.0,2.0,3.0,6.0,2.0,5.0,4.0,7.0,1.0,2.0,1.0,3.0,5.0,4.0,7.0,6.0,3.0,6.0,1.0,5.0,4.0,7.0,2.0,1.0,5.0,2.0,6.0,4.0,7.0,3.0,5.0,3.0,2.0,4.0,7.0,6.0,1.0,2.0,7.0,6.0,4.0,3.0,5.0,1.0,2.0,5.0,6.0,4.0,3.0,7.0,1.0,7.0,4.0,3.0,1.0,5.0,6.0,2.0,2.0,7.0,5.0,3.0,6.0,4.0,1.0,3.0,7.0,1.0,4.0,5.0,6.0,2.0,2.0,4.0,6.0,1.0,7.0,5.0,3.0,3.0,6.0,4.0,5.0,2.0,7.0,1.0,1.0,5.0,6.0,4.0,3.0,7.0,2.0,2.0,5.0,4.0,3.0,1.0,7.0,6.0,3.0,2.0,7.0,5.0,1.0,6.0,4.0,3.0,7.0,6.0,1.0,4.0,2.0,5.0,3.0,6.0,5.0,4.0,2.0,7.0,1.0,2.0,7.0,3.0,4.0,6.0,5.0,1.0,2.0,6.0,3.0,5.0,4.0,7.0,1.0,7.0,5.0,1.0,4.0,3.0,6.0,2.0,1.0,6.0,7.0,2.0,5.0,4.0,3.0,1.0,7.0,4.0,2.0,5.0,6.0,3.0,6.0,5.0,1.0,4.0,3.0,7.0,2.0,1.0,6.0,5.0,7.0,4.0,3.0,2.0,5.0,4.0,7.0,2.0,1.0,6.0,3.0,5.0,4.0,1.0,3.0,2.0,7.0,6.0,7.0,3.0,2.0,5.0,6.0,4.0,1.0
2025-03-16 13:39,2025-03-16 14:00,IP Address,100,1253,TRUE,2025-03-16 14:00,anonymous,EN,P0086,4.0,3.0,2.0,6.0,7.0,5.0,1.0,1.0,7.0,2.0,4.0,5.0,6.0,3.0,2.0,3.0,5.0,4.0,7.0,6.0,1.0,2.0,6.0,3.0,4.0,5.0,7.0,1.0,3.0,5.0,2.0,4.0,7.0,6.0,1.0,6.0,3.0,2.0,5.0,4.0,7.0,1.0,5.0,4.0,2.0,7.0,3.0,6.0,1.0,2.0,3.0,4.0,6.0,5.0,7.0,1.0,6.0,7.0,1.0,4.0,2.0,5.0,3.0,2.0,6.0,3.0,7.0,5.0,4.0,1.0,2.0,6.0,3.0,4.0,5.0,7.0,1.0,1.0,3.0,2.0,4.0,7.0,5.0,6.0,5.0,3.0,1.0,6.0,2.0,7.0,4.0,2.0,6.0,5.0,3.0,1.0,7.0,4.0,4.0,3.0,2.0,5.0,7.0,6.0,1.0,4.0,3.0,2.0,6.0,5.0,7.0,1.0,1.0,6.0,3.0,5.0,4.0,7.0,2.0,1.0,7.0,3.0,2.0,6.0,4.0,5.0,It was easy,1.0,6.0,4.0,5.0,3.0,7.0,2.0,5.0,6.0,1.0,4.0,3.0,7.0,2.0,It was easy,1.0,7.0,4.0,5.0,3.0,6.0,2.0,3.0,7.0,6.0,4.0,2.0,5.0,1.0,3.0,5.0,7.0,4.0,2.0,6.0,1.0,6.0,5.0,2.0,3.0,4.0,7.0,1.0,5.0,6.0,2.0,3.0,4.0,7.0,1.0,4.0,3.0,2.0,5.0,6.0,7.0,1.0,6.0,1.0,3.0,5.0,2.0,7.0,4.0,6.0,2.0,1.0,4.0,7.0,5.0,3.0,1.0,2.0,6.0,3.0,5.0,7.0,4.0,2.0,3.0,4.0,5.0,7.0,6.0,1.0,3.0,6.0,2.0,4.0,7.0,5.0,1.0,1.0,4.0,3.0,6.0,5.0,7.0,2.0,7.0,3.0,2.0,6.0,4.0,5.0,1.0,6.0,5.0,2.0,3.0,4.0,7.0,1.0,1.0,2.0,5.0,6.0,4.0,7.0,3.0,5.0,7.0,6.0,2.0,3.0,4.0,1.0,5.0,4.0,6.0,7.0,2.0,1.0,3.0,1.0,7.0,3.0,2.0,6.0,5.0,4.0,3.0,4.0,7.0,6.0,2.0,5.0,1.0,2.0,7.0,4.0,6.0,3.0,5.0,1.0,5.0,6.0,3.0,2.0,4.0,7.0,1.0,1.0,6.0,3.0,5.0,4.0,7.0,2.0,7.0,6.0,4.0,3.0,2.0,1.0,5.0,5.0,1.0,7.0,2.0,3.0,4.0,6.0,7.0,3.0,1.0,5.0,2.0,6.0,4.0,7.0,3.0,6.0,2.0,4.0,5.0,1.0,6.0,5.0,2.0,3.0,1.0,7.0,4.0,5.0,3.0,1.0,7.0,2.0,6.0,4.0,1.0,7.0,2.0,4.0,5.0,6.0,3.0,2.0,6.0,4.0,5.0,3.0,7.0,1.0
2025-03-16 13:41,2025-03-16 14:02,IP Address,100,1258,TRUE,2025-03-16 14:02,anonymous,EN,P0089,2.0,4.0,1.0,6.0,5.0,7.0,3.0,3.0,4.0,1.0,5.0,6.0,7.0,2.0,2.0,3.0,5.0,4.0,6.0,7.0,1.0,2.0,4.0,5.0,7.0,3.0,6.0,1.0,1.0,4.0,2.0,6.0,5.0,7.0,3.0,1.0,6.0,3.0,5.0,4.0,7.0,2.0,2.0,6.0,3.0,5.0,4.0,7.0,1.0,2.0,6.0,4.0,5.0,3.0,7.0,1.0,4.0,7.0,3.0,5.0,2.0,6.0,1.0,2.0,5.0,3.0,6.0,4.0,7.0,1.0,3.0,7.0,6.0,5.0,4.0,2.0,1.0,1.0,4.0,3.0,7.0,5.0,6.0,2.0,1.0,4.0,3.0,6.0,7.0,5.0,2.0,1.0,6.0,3.0,4.0,5.0,7.0,2.0,1.0,5.0,3.0,7.0,6.0,4.0,2.0,4.0,6.0,5.0,3.0,2.0,7.0,1.0,2.0,7.0,3.0,5.0,6.0,4.0,1.0,5.0,6.0,3.0,4.0,2.0,7.0,1.0,It was easy,2.0,6.0,4.0,5.0,3.0,7.0,1.0,3.0,6.0,1.0,5.0,4.0,7.0,2.0,It was easy,2.0,1.0,3.0,5.0,6.0,7.0,4.0,2.0,5.0,3.0,4.0,6.0,7.0,1.0,4.0,6.0,5.0,3.0,2.0,7.0,1.0,2.0,5.0,4.0,6.0,3.0,7.0,1.0,1.0,5.0,3.0,4.0,6.0,7.0,2.0,5.0,3.0,2.0,6.0,4.0,7.0,1.0,1.0,5.0,2.0,6.0,4.0,7.0,3.0,2.0,6.0,3.0,4.0,5.0,7.0,1.0,2.0,3.0,4.0,7.0,5.0,6.0,1.0,1.0,4.0,6.0,3.0,5.0,7.0,2.0,1.0,4.0,3.0,6.0,7.0,5.0,2.0,2.0,7.0,3.0,4.0,5.0,6.0,1.0,2.0,7.0,1.0,6.0,4.0,5.0,3.0,2.0,6.0,3.0,5.0,4.0,7.0,1.0,1.0,6.0,3.0,5.0,4.0,7.0,2.0,1.0,4.0,3.0,7.0,5.0,6.0,2.0,2.0,6.0,5.0,4.0,1.0,7.0,3.0,2.0,3.0,4.0,6.0,5.0,7.0,1.0,4.0,7.0,1.0,5.0,2.0,6.0,3.0,1.0,3.0,5.0,6.0,4.0,7.0,2.0,2.0,5.0,4.0,3.0,6.0,7.0,1.0,2.0,4.0,3.0,5.0,6.0,7.0,1.0,5.0,6.0,7.0,1.0,3.0,4.0,2.0,1.0,6.0,3.0,4.0,2.0,7.0,5.0,4.0,3.0,2.0,5.0,6.0,7.0,1.0,3.0,7.0,5.0,2.0,6.0,4.0,1.0,5.0,4.0,1.0,6.0,3.0,7.0,2.0,2.0,6.0,3.0,5.0,4.0,7.0,1.0,2.0,4.0,3.0,5.0,7.0,6.0,1.0,2.0,6.0,4.0,5.0,3.0,7.0,1.0
2025-03-16 13:39,2025-03-16 14:03,IP Address,100,1463,TRUE,2025-03-16 14:03,anonymous,EN,P0087,3.0,4.0,2.0,5.0,6.0,7.0,1.0,4.0,7.0,5.0,6.0,2.0,3.0,1.0,2.0,3.0,4.0,5.0,6.0,7.0,1.0,4.0,3.0,2.0,5.0,6.0,7.0,1.0,3.0,7.0,2.0,5.0,4.0,6.0,1.0,3.0,4.0,1.0,5.0,7.0,6.0,2.0,3.0,5.0,2.0,4.0,6.0,7.0,1.0,5.0,4.0,7.0,2.0,3.0,6.0,1.0,6.0,5.0,1.0,4.0,3.0,7.0,2.0,2.0,7.0,3.0,5.0,6.0,4.0,1.0,5.0,6.0,2.0,7.0,3.0,4.0,1.0,4.0,7.0,2.0,3.0,5.0,6.0,1.0,1.0,6.0,4.0,5.0,2.0,7.0,3.0,6.0,5.0,4.0,3.0,2.0,7.0,1.0,6.0,3.0,1.0,5.0,4.0,7.0,2.0,7.0,6.0,3.0,2.0,4.0,5.0,1.0,2.0,3.0,4.0,6.0,7.0,5.0,1.0,2.0,6.0,1.0,5.0,4.0,7.0,3.0,It was easy,6.0,7.0,3.0,4.0,2.0,5.0,1.0,6.0,7.0,1.0,2.0,5.0,4.0,3.0,It was easy,1.0,6.0,4.0,7.0,3.0,2.0,5.0,1.0,4.0,3.0,7.0,6.0,5.0,2.0,2.0,6.0,5.0,3.0,4.0,7.0,1.0,4.0,6.0,3.0,7.0,2.0,5.0,1.0,6.0,3.0,4.0,2.0,5.0,7.0,1.0,4.0,5.0,3.0,7.0,2.0,6.0,1.0,1.0,6.0,2.0,5.0,4.0,7.0,3.0,3.0,7.0,2.0,4.0,6.0,5.0,1.0,3.0,5.0,2.0,6.0,4.0,7.0,1.0,2.0,5.0,6.0,4.0,3.0,7.0,1.0,6.0,3.0,2.0,5.0,4.0,7.0,1.0,2.0,6.0,4.0,3.0,5.0,7.0,1.0,4.0,3.0,1.0,2.0,7.0,6.0,5.0,4.0,6.0,3.0,2.0,7.0,5.0,1.0,4.0,3.0,1.0,5.0,6.0,7.0,2.0,4.0,5.0,6.0,7.0,2.0,3.0,1.0,2.0,5.0,6.0,3.0,4.0,7.0,1.0,3.0,5.0,2.0,6.0,4.0,7.0,1.0,5.0,6.0,2.0,4.0,3.0,7.0,1.0,4.0,2.0,1.0,3.0,7.0,6.0,5.0,2.0,6.0,3.0,5.0,4.0,7.0,1.0,6.0,2.0,4.0,3.0,5.0,7.0,1.0,4.0,7.0,6.0,1.0,2.0,5.0,3.0,3.0,4.0,2.0,6.0,5.0,7.0,1.0,7.0,4.0,6.0,5.0,2.0,3.0,1.0,4.0,7.0,2.0,3.0,5.0,6.0,1.0,2.0,7.0,1.0,4.0,6.0,5.0,3.0,6.0,4.0,5.0,3.0,2.0,7.0,1.0,2.0,3.0,4.0,7.0,6.0,5.0,1.0,2.0,6.0,4.0,5.0,3.0,7.0,1.0
2025-03-16 13:33,2025-03-16 14:03,IP Address,100,1854,TRUE,2025-03-16 14:03,anonymous,EN,P0069,3.0,6.0,2.0,5.0,4.0,7.0,1.0,1.0,6.0,4.0,5.0,3.0,7.0,2.0,4.0,7.0,2.0,3.0,6.0,5.0,1.0,2.0,5.0,1.0,6.0,3.0,4.0,7.0,3.0,4.0,2.0,7.0,6.0,5.0,1.0,2.0,6.0,3.0,4.0,5.0,7.0,1.0,4.0,6.0,2.0,5.0,3.0,7.0,1.0,2.0,6.0,5.0,4.0,3.0,7.0,1.0,1.0,6.0,3.0,7.0,2.0,5.0,4.0,2.0,6.0,5.0,7.0,4.0,3.0,1.0,2.0,6.0,3.0,4.0,5.0,7.0,1.0,2.0,3.0,5.0,7.0,4.0,6.0,1.0,1.0,4.0,3.0,6.0,5.0,7.0,2.0,3.0,1.0,2.0,5.0,4.0,7.0,6.0,1.0,7.0,3.0,6.0,4.0,5.0,2.0,1.0,4.0,5.0,2.0,6.0,7.0,3.0,1.0,6.0,3.0,5.0,4.0,7.0,2.0,2.0,3.0,1.0,7.0,6.0,4.0,5.0,It was easy,1.0,6.0,2.0,5.0,4.0,7.0,3.0,6.0,5.0,3.0,1.0,4.0,7.0,2.0,It was easy,7.0,4.0,3.0,5.0,1.0,6.0,2.0,1.0,4.0,7.0,3.0,6.0,5.0,2.0,2.0,5.0,6.0,7.0,3.0,4.0,1.0,4.0,6.0,7.0,1.0,2.0,5.0,3.0,3.0,6.0,2.0,5.0,4.0,7.0,1.0,2.0,4.0,7.0,6.0,5.0,3.0,1.0,1.0,3.0,7.0,5.0,2.0,6.0,4.0,3.0,7.0,2.0,4.0,5.0,6.0,1.0,2.0,6.0,3.0,4.0,7.0,5.0,1.0,2.0,6.0,7.0,3.0,5.0,4.0,1.0,1.0,4.0,5.0,6.0,3.0,7.0,2.0,2.0,3.0,6.0,5.0,4.0,7.0,1.0,1.0,6.0,2.0,5.0,3.0,7.0,4.0,6.0,7.0,3.0,2.0,5.0,4.0,1.0,1.0,7.0,2.0,4.0,5.0,6.0,3.0,1.0,6.0,3.0,4.0,5.0,7.0,2.0,4.0,7.0,6.0,3.0,1.0,5.0,2.0,2.0,4.0,3.0,7.0,6.0,5.0,1.0,2.0,7.0,6.0,1.0,3.0,4.0,5.0,2.0,6.0,5.0,4.0,3.0,7.0,1.0,2.0,6.0,3.0,4.0,7.0,5.0,1.0,2.0,5.0,4.0,6.0,3.0,7.0,1.0,1.0,4.0,5.0,6.0,2.0,7.0,3.0,3.0,2.0,1.0,4.0,5.0,6.0,7.0,2.0,7.0,4.0,6.0,1.0,5.0,3.0,2.0,5.0,7.0,4.0,1.0,6.0,3.0,3.0,6.0,4.0,5.0,2.0,7.0,1.0,1.0,6.0,5.0,4.0,3.0,7.0,2.0,2.0,5.0,3.0,7.0,6.0,4.0,1.0,1.0,5.0,4.0,6.0,3.0,7.0,2.0
2025-03-16 13:33,2025-03-16 14:05,IP Address,100,1902,TRUE,2025-03-16 14:05,anonymous,EN,P0073,2.0,7.0,6.0,5.0,1.0,4.0,3.0,2.0,7.0,5.0,4.0,1.0,6.0,3.0,2.0,3.0,6.0,4.0,7.0,5.0,1.0,4.0,3.0,2.0,6.0,7.0,5.0,1.0,2.0,6.0,3.0,7.0,5.0,4.0,1.0,6.0,5.0,2.0,4.0,3.0,7.0,1.0,4.0,1.0,6.0,3.0,5.0,7.0,2.0,2.0,5.0,3.0,1.0,6.0,7.0,4.0,1.0,5.0,4.0,6.0,3.0,7.0,2.0,4.0,6.0,3.0,5.0,2.0,7.0,1.0,4.0,7.0,5.0,3.0,1.0,6.0,2.0,1.0,2.0,6.0,3.0,4.0,7.0,5.0,7.0,5.0,3.0,2.0,1.0,6.0,4.0,2.0,7.0,5.0,4.0,1.0,6.0,3.0,4.0,3.0,2.0,7.0,6.0,5.0,1.0,2.0,3.0,4.0,7.0,5.0,6.0,1.0,2.0,5.0,6.0,4.0,3.0,7.0,1.0,4.0,2.0,3.0,7.0,1.0,6.0,5.0,It was easy,3.0,5.0,2.0,4.0,6.0,7.0,1.0,6.0,5.0,2.0,7.0,3.0,1.0,4.0,It was easy,3.0,4.0,2.0,7.0,6.0,5.0,1.0,1.0,6.0,5.0,4.0,3.0,7.0,2.0,5.0,6.0,3.0,4.0,2.0,7.0,1.0,4.0,7.0,3.0,6.0,2.0,5.0,1.0,1.0,2.0,5.0,4.0,6.0,7.0,3.0,1.0,6.0,2.0,5.0,4.0,7.0,3.0,5.0,2.0,3.0,4.0,6.0,7.0,1.0,3.0,4.0,2.0,6.0,7.0,5.0,1.0,6.0,5.0,2.0,3.0,1.0,7.0,4.0,4.0,3.0,1.0,6.0,7.0,5.0,2.0,2.0,4.0,5.0,7.0,3.0,6.0,1.0,2.0,5.0,3.0,6.0,4.0,7.0,1.0,4.0,7.0,6.0,2.0,1.0,5.0,3.0,2.0,6.0,4.0,5.0,1.0,7.0,3.0,6.0,7.0,5.0,1.0,2.0,4.0,3.0,2.0,5.0,1.0,3.0,4.0,7.0,6.0,4.0,5.0,3.0,1.0,6.0,7.0,2.0,3.0,4.0,2.0,7.0,6.0,5.0,1.0,3.0,7.0,2.0,5.0,4.0,6.0,1.0,3.0,6.0,4.0,1.0,5.0,7.0,2.0,1.0,6.0,4.0,5.0,3.0,7.0,2.0,6.0,4.0,3.0,2.0,1.0,5.0,7.0,2.0,5.0,7.0,3.0,6.0,4.0,1.0,1.0,7.0,6.0,2.0,3.0,5.0,4.0,2.0,6.0,4.0,5.0,3.0,7.0,1.0,1.0,4.0,2.0,7.0,5.0,6.0,3.0,3.0,2.0,5.0,1.0,6.0,7.0,4.0,1.0,6.0,3.0,5.0,4.0,7.0,2.0,5.0,6.0,7.0,3.0,4.0,2.0,1.0,1.0,5.0,7.0,3.0,6.0,4.0,2.0
2025-03-16 13:36,2025-03-16 14:08,IP Address,100,1921,TRUE,2025-03-16 14:08,anonymous,EN,P0083,2.0,6.0,3.0,4.0,5.0,7.0,1.0,2.0,6.0,3.0,4.0,5.0,7.0,1.0,2.0,3.0,5.0,6.0,4.0,7.0,1.0,4.0,6.0,2.0,5.0,3.0,7.0,1.0,4.0,6.0,1.0,3.0,7.0,5.0,2.0,2.0,6.0,3.0,4.0,5.0,7.0,1.0,3.0,4.0,1.0,7.0,6.0,5.0,2.0,5.0,6.0,1.0,4.0,3.0,7.0,2.0,2.0,6.0,3.0,5.0,4.0,7.0,1.0,5.0,6.0,3.0,2.0,4.0,7.0,1.0,3.0,6.0,4.0,5.0,2.0,7.0,1.0,3.0,5.0,2.0,4.0,1.0,7.0,6.0,6.0,1.0,2.0,5.0,4.0,7.0,3.0,3.0,5.0,1.0,6.0,4.0,7.0,2.0,3.0,1.0,2.0,4.0,5.0,7.0,6.0,6.0,4.0,5.0,3.0,1.0,7.0,2.0,5.0,2.0,7.0,3.0,1.0,4.0,6.0,7.0,6.0,5.0,3.0,2.0,1.0,4.0,It was easy,2.0,6.0,3.0,4.0,5.0,7.0,1.0,3.0,7.0,2.0,4.0,5.0,6.0,1.0,It was easy,6.0,7.0,1.0,5.0,3.0,4.0,2.0,3.0,4.0,6.0,1.0,2.0,7.0,5.0,5.0,4.0,1.0,7.0,2.0,6.0,3.0,6.0,4.0,5.0,2.0,1.0,7.0,3.0,5.0,2.0,6.0,3.0,4.0,7.0,1.0,2.0,4.0,6.0,3.0,1.0,7.0,5.0,2.0,5.0,6.0,4.0,1.0,7.0,3.0,7.0,2.0,1.0,3.0,6.0,5.0,4.0,4.0,7.0,1.0,2.0,6.0,5.0,3.0,3.0,5.0,4.0,6.0,2.0,7.0,1.0,5.0,6.0,1.0,3.0,2.0,4.0,7.0,4.0,5.0,1.0,2.0,7.0,6.0,3.0,5.0,4.0,2.0,6.0,3.0,7.0,1.0,4.0,5.0,6.0,2.0,1.0,7.0,3.0,4.0,5.0,2.0,6.0,3.0,7.0,1.0,2.0,3.0,6.0,4.0,1.0,7.0,5.0,7.0,2.0,6.0,4.0,3.0,5.0,1.0,4.0,1.0,3.0,7.0,2.0,5.0,6.0,6.0,4.0,3.0,2.0,1.0,5.0,7.0,5.0,6.0,2.0,4.0,1.0,3.0,7.0,3.0,6.0,2.0,5.0,4.0,7.0,1.0,1.0,5.0,3.0,2.0,6.0,7.0,4.0,2.0,3.0,7.0,4.0,6.0,5.0,1.0,4.0,3.0,1.0,2.0,5.0,7.0,6.0,3.0,4.0,2.0,5.0,6.0,7.0,1.0,5.0,7.0,2.0,4.0,3.0,6.0,1.0,1.0,5.0,3.0,4.0,2.0,7.0,6.0,3.0,5.0,1.0,4.0,2.0,7.0,6.0,3.0,4.0,2.0,6.0,5.0,7.0,1.0,5.0,6.0,4.0,3.0,2.0,7.0,1.0
2025-03-16 13:48,2025-03-16 14:09,IP Address,100,1256,TRUE,2025-03-16 14:09,anonymous,EN,P0094,6.0,4.0,1.0,3.0,2.0,5.0,7.0,1.0,6.0,2.0,3.0,4.0,7.0,5.0,3.0,4.0,2.0,5.0,6.0,7.0,1.0,1.0,5.0,3.0,7.0,4.0,6.0,2.0,4.0,7.0,3.0,5.0,2.0,6.0,1.0,3.0,7.0,4.0,1.0,5.0,6.0,2.0,3.0,7.0,2.0,5.0,4.0,6.0,1.0,2.0,3.0,4.0,5.0,6.0,7.0,1.0,6.0,4.0,5.0,2.0,3.0,7.0,1.0,1.0,6.0,3.0,7.0,4.0,5.0,2.0,4.0,3.0,7.0,6.0,2.0,5.0,1.0,3.0,6.0,2.0,7.0,5.0,4.0,1.0,1.0,3.0,2.0,6.0,5.0,7.0,4.0,1.0,4.0,6.0,5.0,3.0,7.0,2.0,3.0,6.0,1.0,5.0,4.0,7.0,2.0,7.0,5.0,1.0,3.0,6.0,4.0,2.0,1.0,2.0,4.0,5.0,6.0,7.0,3.0,1.0,7.0,3.0,5.0,2.0,4.0,6.0,It was easy,2.0,5.0,1.0,6.0,4.0,7.0,3.0,5.0,7.0,4.0,2.0,1.0,6.0,3.0,It was easy,1.0,6.0,4.0,5.0,3.0,7.0,2.0,2.0,5.0,6.0,4.0,3.0,7.0,1.0,3.0,2.0,5.0,6.0,1.0,7.0,4.0,2.0,4.0,3.0,7.0,5.0,6.0,1.0,2.0,3.0,1.0,6.0,4.0,7.0,5.0,1.0,6.0,3.0,4.0,5.0,7.0,2.0,1.0,2.0,6.0,5.0,4.0,3.0,7.0,1.0,7.0,6.0,2.0,5.0,3.0,4.0,5.0,7.0,1.0,4.0,2.0,6.0,3.0,5.0,2.0,7.0,6.0,3.0,4.0,1.0,4.0,6.0,1.0,5.0,3.0,7.0,2.0,5.0,2.0,7.0,3.0,4.0,6.0,1.0,6.0,4.0,2.0,7.0,3.0,5.0,1.0,3.0,6.0,4.0,2.0,7.0,5.0,1.0,1.0,4.0,7.0,6.0,5.0,3.0,2.0,6.0,5.0,2.0,4.0,3.0,7.0,1.0,3.0,6.0,7.0,4.0,2.0,5.0,1.0,5.0,7.0,4.0,1.0,3.0,2.0,6.0,7.0,3.0,6.0,2.0,4.0,5.0,1.0,3.0,4.0,6.0,5.0,2.0,7.0,1.0,1.0,6.0,3.0,5.0,4.0,7.0,2.0,2.0,6.0,5.0,7.0,3.0,4.0,1.0,7.0,2.0,3.0,5.0,4.0,6.0,1.0,7.0,1.0,4.0,6.0,2.0,5.0,3.0,5.0,6.0,1.0,4.0,2.0,7.0,3.0,1.0,3.0,5.0,7.0,4.0,6.0,2.0,1.0,5.0,6.0,4.0,3.0,7.0,2.0,1.0,3.0,6.0,2.0,7.0,5.0,4.0,2.0,6.0,4.0,5.0,3.0,7.0,1.0,1.0,4.0,5.0,3.0,6.0,7.0,2.0
2025-03-16 13:39,2025-03-16 14:09,IP Address,100,1838,TRUE,2025-03-16 14:09,anonymous,EN,P0088,5.0,6.0,2.0,4.0,1.0,7.0,3.0,2.0,6.0,1.0,7.0,4.0,5.0,3.0,2.0,6.0,3.0,5.0,4.0,7.0,1.0,5.0,6.0,4.0,7.0,2.0,3.0,1.0,3.0,6.0,1.0,5.0,2.0,7.0,4.0,3.0,5.0,2.0,4.0,6.0,7.0,1.0,5.0,3.0,4.0,1.0,6.0,7.0,2.0,6.0,5.0,3.0,4.0,1.0,7.0,2.0,3.0,6.0,4.0,5.0,2.0,7.0,1.0,2.0,5.0,3.0,6.0,4.0,7.0,1.0,6.0,3.0,1.0,7.0,5.0,4.0,2.0,4.0,7.0,6.0,1.0,5.0,3.0,2.0,6.0,5.0,1.0,4.0,3.0,7.0,2.0,1.0,2.0,6.0,5.0,4.0,7.0,3.0,3.0,2.0,6.0,4.0,7.0,5.0,1.0,4.0,3.0,5.0,6.0,2.0,7.0,1.0,4.0,6.0,2.0,1.0,7.0,5.0,3.0,6.0,4.0,7.0,2.0,3.0,1.0,5.0,It was easy,1.0,7.0,4.0,6.0,3.0,5.0,2.0,1.0,5.0,3.0,7.0,4.0,6.0,2.0,It was easy,2.0,4.0,5.0,6.0,3.0,7.0,1.0,1.0,3.0,2.0,5.0,7.0,6.0,4.0,2.0,7.0,5.0,4.0,3.0,6.0,1.0,2.0,7.0,4.0,6.0,1.0,5.0,3.0,1.0,5.0,2.0,6.0,4.0,7.0,3.0,1.0,6.0,4.0,2.0,3.0,7.0,5.0,4.0,6.0,1.0,5.0,2.0,7.0,3.0,2.0,5.0,3.0,4.0,7.0,6.0,1.0,5.0,3.0,7.0,2.0,1.0,6.0,4.0,7.0,5.0,1.0,6.0,4.0,3.0,2.0,1.0,3.0,2.0,6.0,7.0,5.0,4.0,3.0,5.0,4.0,6.0,2.0,7.0,1.0,4.0,7.0,1.0,3.0,5.0,6.0,2.0,3.0,5.0,6.0,4.0,1.0,7.0,2.0,1.0,4.0,2.0,6.0,5.0,7.0,3.0,4.0,7.0,1.0,5.0,2.0,6.0,3.0,1.0,6.0,2.0,5.0,3.0,4.0,7.0,2.0,7.0,3.0,1.0,6.0,5.0,4.0,4.0,3.0,5.0,2.0,1.0,7.0,6.0,4.0,7.0,2.0,3.0,5.0,6.0,1.0,4.0,3.0,2.0,5.0,6.0,7.0,1.0,3.0,1.0,7.0,4.0,6.0,5.0,2.0,5.0,3.0,7.0,2.0,1.0,6.0,4.0,1.0,3.0,7.0,5.0,4.0,6.0,2.0,2.0,6.0,5.0,3.0,1.0,7.0,4.0,2.0,4.0,1.0,5.0,6.0,7.0,3.0,3.0,5.0,2.0,6.0,4.0,7.0,1.0,3.0,6.0,4.0,5.0,1.0,7.0,2.0,2.0,3.0,4.0,5.0,7.0,6.0,1.0,2.0,5.0,7.0,3.0,6.0,4.0,1.0
2025-03-16 13:35,2025-03-16 14:10,IP Address,100,2062,TRUE,2025-03-16 14:10,anonymous,EN,P0080,6.0,5.0,3.0,4.0,1.0,7.0,2.0,3.0,6.0,1.0,5.0,2.0,7.0,4.0,2.0,6.0,3.0,5.0,4.0,7.0,1.0,2.0,4.0,5.0,3.0,1.0,6.0,7.0,2.0,6.0,3.0,4.0,5.0,7.0,1.0,6.0,5.0,4.0,2.0,3.0,7.0,1.0,3.0,6.0,1.0,2.0,4.0,7.0,5.0,4.0,6.0,3.0,5.0,2.0,1.0,7.0,5.0,3.0,7.0,2.0,1.0,6.0,4.0,4.0,3.0,6.0,1.0,2.0,5.0,7.0,1.0,3.0,7.0,2.0,5.0,6.0,4.0,4.0,3.0,6.0,2.0,1.0,7.0,5.0,7.0,4.0,5.0,2.0,1.0,6.0,3.0,5.0,1.0,6.0,3.0,2.0,7.0,4.0,3.0,1.0,6.0,4.0,2.0,7.0,5.0,7.0,5.0,1.0,4.0,2.0,6.0,3.0,6.0,4.0,1.0,5.0,2.0,7.0,3.0,5.0,3.0,4.0,1.0,7.0,6.0,2.0,It was easy,1.0,6.0,2.0,5.0,4.0,7.0,3.0,2.0,6.0,4.0,5.0,3.0,7.0,1.0,It was easy,2.0,6.0,4.0,5.0,3.0,7.0,1.0,5.0,2.0,1.0,3.0,6.0,7.0,4.0,7.0,6.0,3.0,2.0,1.0,5.0,4.0,6.0,5.0,4.0,3.0,1.0,7.0,2.0,1.0,4.0,6.0,3.0,2.0,5.0,7.0,7.0,5.0,1.0,3.0,2.0,6.0,4.0,4.0,7.0,5.0,1.0,3.0,6.0,2.0,4.0,5.0,7.0,2.0,1.0,6.0,3.0,5.0,6.0,1.0,4.0,2.0,7.0,3.0,7.0,2.0,6.0,3.0,5.0,4.0,1.0,1.0,3.0,6.0,2.0,5.0,4.0,7.0,6.0,7.0,3.0,1.0,2.0,4.0,5.0,4.0,2.0,7.0,6.0,1.0,5.0,3.0,3.0,7.0,2.0,4.0,5.0,6.0,1.0,6.0,2.0,7.0,5.0,1.0,4.0,3.0,4.0,3.0,6.0,5.0,1.0,7.0,2.0,4.0,2.0,6.0,1.0,3.0,7.0,5.0,5.0,7.0,6.0,1.0,4.0,2.0,3.0,5.0,6.0,2.0,3.0,4.0,7.0,1.0,5.0,2.0,3.0,6.0,1.0,4.0,7.0,7.0,2.0,3.0,5.0,1.0,4.0,6.0,1.0,6.0,5.0,2.0,3.0,4.0,7.0,6.0,1.0,2.0,4.0,5.0,7.0,3.0,6.0,7.0,4.0,1.0,3.0,5.0,2.0,5.0,7.0,1.0,2.0,3.0,4.0,6.0,4.0,5.0,7.0,1.0,2.0,6.0,3.0,4.0,6.0,7.0,5.0,2.0,1.0,3.0,5.0,4.0,7.0,3.0,1.0,6.0,2.0,2.0,7.0,6.0,4.0,3.0,1.0,5.0,6.0,4.0,5.0,2.0,1.0,7.0,3.0
2025-03-16 13:41,2025-03-16 14:10,IP Address,100,1755,TRUE,2025-03-16 14:10,anonymous,EN,P0084,2.0,6.0,3.0,4.0,5.0,7.0,1.0,2.0,5.0,4.0,3.0,1.0,7.0,6.0,3.0,4.0,1.0,5.0,7.0,6.0,2.0,1.0,2.0,4.0,7.0,3.0,6.0,5.0,5.0,6.0,1.0,2.0,4.0,7.0,3.0,2.0,4.0,6.0,3.0,5.0,7.0,1.0,4.0,6.0,5.0,3.0,1.0,7.0,2.0,3.0,6.0,4.0,5.0,2.0,7.0,1.0,2.0,6.0,3.0,4.0,5.0,7.0,1.0,2.0,7.0,5.0,4.0,3.0,6.0,1.0,2.0,6.0,3.0,5.0,4.0,7.0,1.0,4.0,3.0,7.0,6.0,2.0,5.0,1.0,6.0,3.0,5.0,7.0,4.0,2.0,1.0,6.0,3.0,4.0,5.0,1.0,7.0,2.0,3.0,6.0,1.0,4.0,7.0,5.0,2.0,2.0,6.0,5.0,4.0,3.0,7.0,1.0,2.0,6.0,1.0,5.0,4.0,7.0,3.0,7.0,5.0,2.0,4.0,1.0,6.0,3.0,It was easy,3.0,6.0,4.0,5.0,2.0,7.0,1.0,6.0,7.0,5.0,1.0,4.0,3.0,2.0,It was easy,6.0,1.0,7.0,4.0,2.0,5.0,3.0,2.0,4.0,1.0,5.0,6.0,7.0,3.0,4.0,6.0,5.0,2.0,3.0,7.0,1.0,3.0,6.0,2.0,5.0,4.0,7.0,1.0,5.0,4.0,3.0,6.0,2.0,7.0,1.0,6.0,2.0,1.0,5.0,3.0,7.0,4.0,1.0,2.0,4.0,5.0,3.0,6.0,7.0,7.0,3.0,2.0,5.0,4.0,6.0,1.0,4.0,2.0,5.0,6.0,1.0,7.0,3.0,3.0,2.0,7.0,4.0,6.0,5.0,1.0,1.0,4.0,7.0,2.0,5.0,6.0,3.0,5.0,6.0,2.0,4.0,3.0,7.0,1.0,1.0,7.0,3.0,4.0,5.0,6.0,2.0,4.0,6.0,5.0,2.0,3.0,7.0,1.0,6.0,5.0,2.0,4.0,3.0,7.0,1.0,2.0,3.0,7.0,5.0,4.0,6.0,1.0,5.0,1.0,7.0,2.0,4.0,3.0,6.0,2.0,6.0,3.0,1.0,7.0,5.0,4.0,3.0,5.0,6.0,1.0,4.0,7.0,2.0,2.0,7.0,3.0,4.0,6.0,5.0,1.0,7.0,6.0,1.0,3.0,5.0,4.0,2.0,1.0,6.0,4.0,5.0,2.0,7.0,3.0,4.0,1.0,7.0,5.0,2.0,6.0,3.0,1.0,3.0,5.0,2.0,4.0,7.0,6.0,3.0,2.0,7.0,4.0,1.0,5.0,6.0,7.0,5.0,2.0,4.0,3.0,6.0,1.0,3.0,6.0,1.0,5.0,4.0,7.0,2.0,3.0,7.0,2.0,6.0,5.0,4.0,1.0,2.0,3.0,7.0,5.0,4.0,6.0,1.0,3.0,5.0,4.0,7.0,2.0,6.0,1.0
2025-03-16 13:33,2025-03-16 14:11,IP Address,100,2259,TRUE,2025-03-16 14:11,anonymous,EN,P0072,3.0,2.0,1.0,5.0,6.0,7.0,4.0,3.0,6.0,1.0,5.0,4.0,7.0,2.0,2.0,7.0,5.0,3.0,4.0,6.0,1.0,2.0,7.0,4.0,3.0,6.0,5.0,1.0,2.0,6.0,3.0,4.0,5.0,7.0,1.0,3.0,4.0,2.0,5.0,7.0,6.0,1.0,4.0,7.0,3.0,2.0,5.0,6.0,1.0,3.0,6.0,4.0,5.0,1.0,7.0,2.0,6.0,7.0,1.0,3.0,2.0,5.0,4.0,2.0,6.0,3.0,7.0,4.0,5.0,1.0,2.0,6.0,3.0,5.0,4.0,7.0,1.0,2.0,7.0,3.0,6.0,4.0,5.0,1.0,2.0,6.0,3.0,5.0,4.0,7.0,1.0,2.0,4.0,3.0,5.0,7.0,6.0,1.0,3.0,5.0,2.0,4.0,7.0,6.0,1.0,4.0,5.0,1.0,6.0,3.0,7.0,2.0,2.0,4.0,1.0,6.0,5.0,7.0,3.0,5.0,7.0,1.0,3.0,6.0,4.0,2.0,It was easy,2.0,5.0,1.0,7.0,4.0,6.0,3.0,5.0,3.0,4.0,7.0,2.0,6.0,1.0,It was easy,1.0,4.0,2.0,3.0,7.0,6.0,5.0,2.0,5.0,3.0,4.0,7.0,6.0,1.0,4.0,6.0,5.0,3.0,2.0,7.0,1.0,5.0,6.0,4.0,3.0,2.0,7.0,1.0,4.0,6.0,1.0,5.0,3.0,7.0,2.0,5.0,3.0,1.0,6.0,4.0,7.0,2.0,2.0,5.0,6.0,4.0,3.0,7.0,1.0,7.0,3.0,1.0,5.0,4.0,6.0,2.0,1.0,6.0,4.0,5.0,3.0,7.0,2.0,5.0,6.0,4.0,3.0,2.0,7.0,1.0,5.0,3.0,1.0,4.0,6.0,7.0,2.0,2.0,4.0,3.0,5.0,6.0,7.0,1.0,2.0,4.0,3.0,7.0,6.0,5.0,1.0,5.0,6.0,4.0,3.0,2.0,7.0,1.0,2.0,7.0,4.0,3.0,5.0,6.0,1.0,2.0,3.0,4.0,6.0,5.0,7.0,1.0,6.0,3.0,7.0,5.0,2.0,4.0,1.0,3.0,7.0,1.0,2.0,5.0,6.0,4.0,2.0,7.0,1.0,5.0,3.0,6.0,4.0,4.0,3.0,2.0,5.0,6.0,7.0,1.0,3.0,6.0,2.0,7.0,5.0,4.0,1.0,6.0,7.0,3.0,5.0,4.0,2.0,1.0,1.0,6.0,5.0,2.0,4.0,3.0,7.0,1.0,2.0,6.0,4.0,7.0,5.0,3.0,5.0,2.0,3.0,6.0,4.0,7.0,1.0,5.0,4.0,7.0,3.0,2.0,6.0,1.0,3.0,4.0,5.0,6.0,2.0,7.0,1.0,2.0,6.0,5.0,1.0,3.0,7.0,4.0,3.0,5.0,2.0,4.0,6.0,7.0,1.0,2.0,6.0,4.0,5.0,3.0,7.0,1.0
2025-03-16 13:49,2025-03-16 14:15,IP Address,100,1561,TRUE,2025-03-16 14:15,anonymous,EN,P0095,5.0,3.0,1.0,7.0,4.0,6.0,2.0,2.0,4.0,3.0,6.0,5.0,7.0,1.0,1.0,6.0,3.0,4.0,5.0,7.0,2.0,4.0,6.0,1.0,5.0,3.0,7.0,2.0,2.0,6.0,4.0,5.0,3.0,7.0,1.0,3.0,5.0,1.0,2.0,4.0,7.0,6.0,2.0,4.0,1.0,6.0,5.0,7.0,3.0,4.0,3.0,1.0,6.0,7.0,5.0,2.0,4.0,3.0,2.0,6.0,5.0,7.0,1.0,2.0,3.0,4.0,7.0,5.0,6.0,1.0,5.0,2.0,7.0,4.0,1.0,6.0,3.0,5.0,6.0,1.0,4.0,3.0,7.0,2.0,2.0,7.0,5.0,4.0,3.0,6.0,1.0,5.0,4.0,2.0,7.0,3.0,6.0,1.0,1.0,7.0,2.0,4.0,6.0,5.0,3.0,2.0,6.0,3.0,5.0,4.0,7.0,1.0,5.0,3.0,4.0,2.0,6.0,7.0,1.0,2.0,6.0,1.0,5.0,3.0,7.0,4.0,It was easy,1.0,7.0,2.0,5.0,4.0,6.0,3.0,3.0,6.0,2.0,7.0,5.0,4.0,1.0,It was easy,1.0,3.0,6.0,7.0,5.0,4.0,2.0,1.0,6.0,3.0,5.0,2.0,7.0,4.0,5.0,6.0,2.0,4.0,3.0,7.0,1.0,3.0,7.0,1.0,2.0,6.0,4.0,5.0,2.0,4.0,7.0,5.0,3.0,6.0,1.0,2.0,6.0,1.0,4.0,3.0,7.0,5.0,7.0,2.0,6.0,5.0,1.0,4.0,3.0,3.0,6.0,2.0,7.0,4.0,5.0,1.0,5.0,6.0,4.0,3.0,1.0,7.0,2.0,2.0,3.0,1.0,5.0,6.0,7.0,4.0,3.0,6.0,1.0,5.0,4.0,7.0,2.0,2.0,5.0,3.0,6.0,4.0,7.0,1.0,6.0,5.0,7.0,4.0,3.0,2.0,1.0,7.0,5.0,6.0,2.0,1.0,4.0,3.0,2.0,1.0,7.0,4.0,6.0,5.0,3.0,6.0,1.0,3.0,4.0,5.0,7.0,2.0,5.0,3.0,7.0,4.0,1.0,6.0,2.0,1.0,3.0,2.0,5.0,6.0,7.0,4.0,3.0,6.0,2.0,5.0,4.0,7.0,1.0,4.0,7.0,3.0,2.0,6.0,5.0,1.0,1.0,5.0,2.0,4.0,3.0,6.0,7.0,3.0,4.0,2.0,5.0,6.0,7.0,1.0,3.0,4.0,7.0,6.0,1.0,5.0,2.0,1.0,4.0,6.0,7.0,3.0,5.0,2.0,1.0,6.0,2.0,4.0,7.0,5.0,3.0,1.0,6.0,4.0,5.0,3.0,7.0,2.0,2.0,4.0,1.0,7.0,6.0,5.0,3.0,1.0,6.0,2.0,7.0,4.0,5.0,3.0,3.0,6.0,2.0,5.0,4.0,7.0,1.0,1.0,4.0,3.0,5.0,7.0,6.0,2.0
2025-03-16 13:37,2025-03-16 14:15,IP Address,100,2325,TRUE,2025-03-16 14:15,anonymous,EN,P0079,2.0,6.0,3.0,5.0,4.0,7.0,1.0,2.0,6.0,3.0,4.0,5.0,7.0,1.0,2.0,6.0,3.0,4.0,5.0,7.0,1.0,2.0,6.0,3.0,4.0,5.0,7.0,1.0,5.0,7.0,6.0,1.0,3.0,4.0,2.0,3.0,7.0,4.0,2.0,5.0,6.0,1.0,3.0,1.0,2.0,5.0,4.0,7.0,6.0,3.0,5.0,1.0,7.0,4.0,2.0,6.0,2.0,6.0,3.0,5.0,4.0,7.0,1.0,2.0,6.0,3.0,4.0,5.0,7.0,1.0,1.0,6.0,3.0,4.0,2.0,7.0,5.0,1.0,4.0,2.0,7.0,3.0,5.0,6.0,5.0,3.0,6.0,2.0,1.0,7.0,4.0,6.0,4.0,3.0,2.0,1.0,7.0,5.0,2.0,3.0,5.0,7.0,1.0,6.0,4.0,7.0,5.0,2.0,4.0,1.0,6.0,3.0,2.0,5.0,7.0,6.0,3.0,4.0,1.0,7.0,2.0,5.0,3.0,1.0,6.0,4.0,It was easy,1.0,6.0,3.0,5.0,4.0,7.0,2.0,6.0,1.0,2.0,3.0,4.0,5.0,7.0,It was easy,1.0,6.0,3.0,5.0,2.0,7.0,4.0,7.0,1.0,3.0,5.0,6.0,4.0,2.0,3.0,4.0,7.0,5.0,2.0,6.0,1.0,6.0,3.0,5.0,2.0,1.0,4.0,7.0,2.0,6.0,4.0,5.0,3.0,7.0,1.0,4.0,6.0,3.0,7.0,1.0,5.0,2.0,3.0,4.0,1.0,5.0,2.0,7.0,6.0,4.0,6.0,2.0,3.0,1.0,5.0,7.0,1.0,5.0,6.0,2.0,3.0,7.0,4.0,7.0,4.0,3.0,2.0,1.0,6.0,5.0,4.0,5.0,7.0,3.0,1.0,6.0,2.0,4.0,5.0,6.0,7.0,3.0,2.0,1.0,7.0,5.0,4.0,3.0,2.0,1.0,6.0,3.0,6.0,5.0,7.0,1.0,4.0,2.0,7.0,4.0,6.0,2.0,1.0,5.0,3.0,7.0,4.0,5.0,6.0,1.0,3.0,2.0,5.0,2.0,6.0,4.0,3.0,7.0,1.0,3.0,4.0,2.0,7.0,1.0,6.0,5.0,5.0,4.0,6.0,1.0,3.0,7.0,2.0,4.0,2.0,5.0,1.0,3.0,6.0,7.0,1.0,4.0,5.0,7.0,3.0,2.0,6.0,5.0,3.0,1.0,7.0,2.0,6.0,4.0,6.0,2.0,7.0,1.0,5.0,4.0,3.0,1.0,4.0,5.0,6.0,3.0,2.0,7.0,6.0,7.0,5.0,2.0,1.0,4.0,3.0,2.0,6.0,7.0,4.0,1.0,5.0,3.0,4.0,5.0,7.0,2.0,3.0,1.0,6.0,4.0,6.0,5.0,2.0,1.0,7.0,3.0,5.0,7.0,3.0,1.0,2.0,4.0,6.0,2.0,6.0,4.0,5.0,3.0,7.0,1.0
2025-03-16 14:00,2025-03-16 14:16,IP Address,100,946,TRUE,2025-03-16 14:16,anonymous,EN,P0103,6.0,3.0,2.0,5.0,1.0,4.0,7.0,4.0,5.0,3.0,2.0,1.0,6.0,7.0,2.0,6.0,7.0,4.0,1.0,3.0,5.0,1.0,6.0,5.0,4.0,3.0,7.0,2.0,2.0,6.0,3.0,4.0,5.0,7.0,1.0,1.0,4.0,3.0,7.0,2.0,6.0,5.0,2.0,6.0,3.0,4.0,5.0,7.0,1.0,3.0,4.0,5.0,2.0,1.0,6.0,7.0,7.0,4.0,6.0,3.0,2.0,5.0,1.0,1.0,3.0,5.0,4.0,6.0,7.0,2.0,5.0,7.0,6.0,2.0,3.0,1.0,4.0,7.0,3.0,4.0,2.0,1.0,5.0,6.0,7.0,4.0,6.0,5.0,1.0,3.0,2.0,5.0,3.0,7.0,2.0,1.0,6.0,4.0,6.0,1.0,7.0,2.0,5.0,3.0,4.0,3.0,5.0,7.0,4.0,2.0,6.0,1.0,7.0,3.0,4.0,2.0,1.0,5.0,6.0,7.0,2.0,5.0,4.0,3.0,1.0,6.0,It was easy,4.0,6.0,2.0,3.0,1.0,5.0,7.0,5.0,3.0,2.0,6.0,1.0,7.0,4.0,It was easy,3.0,5.0,4.0,6.0,2.0,1.0,7.0,2.0,4.0,5.0,7.0,3.0,1.0,6.0,4.0,6.0,7.0,5.0,1.0,3.0,2.0,6.0,1.0,4.0,3.0,2.0,7.0,5.0,5.0,7.0,3.0,1.0,2.0,6.0,4.0,7.0,3.0,4.0,1.0,2.0,5.0,6.0,3.0,1.0,5.0,4.0,2.0,6.0,7.0,6.0,5.0,4.0,1.0,3.0,7.0,2.0,6.0,5.0,3.0,4.0,2.0,1.0,7.0,3.0,7.0,1.0,2.0,6.0,5.0,4.0,3.0,2.0,4.0,5.0,1.0,7.0,6.0,7.0,5.0,6.0,2.0,1.0,4.0,3.0,4.0,5.0,6.0,1.0,3.0,7.0,2.0,3.0,6.0,5.0,2.0,1.0,7.0,4.0,2.0,5.0,1.0,4.0,3.0,7.0,6.0,3.0,4.0,6.0,2.0,1.0,7.0,5.0,7.0,2.0,6.0,4.0,1.0,5.0,3.0,7.0,5.0,6.0,3.0,2.0,1.0,4.0,4.0,5.0,3.0,2.0,1.0,6.0,7.0,7.0,2.0,1.0,6.0,4.0,5.0,3.0,3.0,6.0,2.0,5.0,4.0,7.0,1.0,2.0,6.0,5.0,3.0,1.0,4.0,7.0,7.0,3.0,6.0,2.0,1.0,4.0,5.0,7.0,4.0,5.0,3.0,1.0,6.0,2.0,6.0,1.0,5.0,3.0,2.0,4.0,7.0,2.0,7.0,3.0,6.0,5.0,4.0,1.0,2.0,6.0,5.0,7.0,4.0,3.0,1.0,7.0,5.0,2.0,3.0,1.0,6.0,4.0,1.0,5.0,3.0,4.0,7.0,6.0,2.0,2.0,6.0,4.0,5.0,3.0,7.0,1.0
2025-03-16 13:35,2025-03-16 14:16,IP Address,100,2493,TRUE,2025-03-16 14:16,anonymous,EN,P0081,6.0,3.0,1.0,4.0,5.0,7.0,2.0,3.0,6.0,7.0,5.0,2.0,4.0,1.0,2.0,3.0,4.0,6.0,5.0,7.0,1.0,3.0,2.0,4.0,5.0,6.0,7.0,1.0,3.0,7.0,2.0,5.0,6.0,4.0,1.0,1.0,6.0,3.0,5.0,4.0,7.0,2.0,6.0,2.0,5.0,3.0,4.0,7.0,1.0,4.0,6.0,2.0,5.0,3.0,7.0,1.0,2.0,6.0,3.0,4.0,5.0,7.0,1.0,3.0,6.0,2.0,5.0,4.0,7.0,1.0,7.0,3.0,2.0,6.0,4.0,5.0,1.0,2.0,3.0,5.0,7.0,4.0,6.0,1.0,3.0,7.0,2.0,6.0,4.0,5.0,1.0,3.0,6.0,2.0,5.0,4.0,7.0,1.0,4.0,6.0,1.0,7.0,5.0,3.0,2.0,6.0,5.0,2.0,4.0,3.0,7.0,1.0,3.0,4.0,2.0,6.0,5.0,7.0,1.0,3.0,6.0,5.0,4.0,1.0,7.0,2.0,It was easy,1.0,6.0,4.0,5.0,2.0,7.0,3.0,3.0,7.0,4.0,1.0,6.0,5.0,2.0,It was easy,2.0,5.0,4.0,1.0,7.0,6.0,3.0,2.0,5.0,4.0,3.0,6.0,7.0,1.0,5.0,7.0,4.0,3.0,2.0,6.0,1.0,2.0,6.0,3.0,5.0,4.0,7.0,1.0,2.0,6.0,3.0,5.0,4.0,7.0,1.0,3.0,6.0,2.0,5.0,4.0,7.0,1.0,3.0,6.0,1.0,5.0,4.0,7.0,2.0,2.0,6.0,3.0,5.0,4.0,7.0,1.0,4.0,6.0,2.0,5.0,3.0,7.0,1.0,2.0,6.0,5.0,3.0,4.0,7.0,1.0,1.0,4.0,3.0,7.0,5.0,6.0,2.0,2.0,7.0,3.0,4.0,5.0,6.0,1.0,2.0,6.0,3.0,5.0,4.0,7.0,1.0,3.0,6.0,2.0,4.0,5.0,7.0,1.0,2.0,6.0,3.0,5.0,4.0,7.0,1.0,2.0,4.0,5.0,7.0,3.0,6.0,1.0,5.0,3.0,2.0,4.0,6.0,7.0,1.0,2.0,6.0,4.0,5.0,3.0,7.0,1.0,2.0,7.0,4.0,3.0,5.0,6.0,1.0,4.0,2.0,3.0,5.0,6.0,7.0,1.0,2.0,6.0,3.0,5.0,4.0,7.0,1.0,3.0,6.0,2.0,5.0,4.0,7.0,1.0,2.0,3.0,4.0,7.0,5.0,6.0,1.0,2.0,5.0,6.0,3.0,4.0,7.0,1.0,4.0,2.0,3.0,5.0,6.0,7.0,1.0,2.0,6.0,3.0,4.0,7.0,5.0,1.0,5.0,6.0,1.0,2.0,4.0,7.0,3.0,2.0,4.0,3.0,6.0,5.0,7.0,1.0,2.0,6.0,3.0,5.0,4.0,7.0,1.0,2.0,4.0,5.0,7.0,3.0,6.0,1.0
2025-03-16 13:45,2025-03-16 14:16,IP Address,100,1876,TRUE,2025-03-16 14:16,anonymous,EN,P0091,3.0,6.0,4.0,7.0,2.0,5.0,1.0,2.0,4.0,5.0,3.0,6.0,7.0,1.0,2.0,3.0,7.0,4.0,5.0,6.0,1.0,3.0,5.0,7.0,4.0,2.0,6.0,1.0,2.0,4.0,3.0,6.0,7.0,5.0,1.0,2.0,6.0,4.0,5.0,3.0,7.0,1.0,5.0,6.0,2.0,4.0,3.0,7.0,1.0,4.0,6.0,3.0,2.0,7.0,5.0,1.0,5.0,7.0,2.0,4.0,3.0,6.0,1.0,3.0,6.0,2.0,7.0,5.0,4.0,1.0,2.0,7.0,6.0,5.0,4.0,3.0,1.0,2.0,5.0,3.0,7.0,4.0,6.0,1.0,2.0,5.0,3.0,6.0,4.0,7.0,1.0,1.0,6.0,5.0,7.0,3.0,4.0,2.0,5.0,4.0,2.0,3.0,6.0,7.0,1.0,4.0,6.0,2.0,5.0,3.0,7.0,1.0,2.0,5.0,4.0,3.0,7.0,6.0,1.0,3.0,6.0,2.0,5.0,4.0,7.0,1.0,It was easy,3.0,7.0,4.0,6.0,2.0,5.0,1.0,5.0,6.0,3.0,4.0,2.0,7.0,1.0,It was easy,1.0,5.0,6.0,4.0,3.0,7.0,2.0,3.0,7.0,1.0,4.0,5.0,6.0,2.0,2.0,6.0,4.0,5.0,3.0,7.0,1.0,3.0,6.0,2.0,5.0,4.0,7.0,1.0,4.0,6.0,2.0,5.0,3.0,7.0,1.0,3.0,7.0,2.0,4.0,5.0,6.0,1.0,2.0,4.0,5.0,6.0,3.0,7.0,1.0,3.0,4.0,5.0,2.0,7.0,6.0,1.0,5.0,6.0,2.0,3.0,4.0,7.0,1.0,2.0,5.0,7.0,4.0,3.0,6.0,1.0,1.0,7.0,3.0,5.0,4.0,6.0,2.0,2.0,5.0,6.0,3.0,4.0,7.0,1.0,2.0,6.0,3.0,4.0,7.0,5.0,1.0,2.0,6.0,3.0,5.0,4.0,7.0,1.0,2.0,4.0,3.0,6.0,5.0,7.0,1.0,2.0,3.0,4.0,6.0,5.0,7.0,1.0,2.0,6.0,5.0,7.0,4.0,3.0,1.0,3.0,4.0,2.0,5.0,6.0,7.0,1.0,6.0,7.0,4.0,3.0,2.0,5.0,1.0,5.0,6.0,2.0,4.0,3.0,7.0,1.0,2.0,5.0,3.0,4.0,6.0,7.0,1.0,4.0,5.0,6.0,3.0,2.0,7.0,1.0,2.0,3.0,6.0,5.0,4.0,7.0,1.0,1.0,7.0,6.0,2.0,5.0,4.0,3.0,2.0,3.0,4.0,6.0,5.0,7.0,1.0,2.0,6.0,4.0,5.0,3.0,7.0,1.0,2.0,4.0,3.0,6.0,7.0,5.0,1.0,2.0,7.0,3.0,6.0,4.0,5.0,1.0,2.0,6.0,3.0,4.0,7.0,5.0,1.0,2.0,7.0,3.0,4.0,5.0,6.0,1.0
2025-03-16 13:47,2025-03-16 14:17,IP Address,100,1791,TRUE,2025-03-16 14:17,anonymous,EN,P0093,2.0,4.0,1.0,7.0,5.0,3.0,6.0,5.0,7.0,1.0,2.0,6.0,4.0,3.0,2.0,4.0,5.0,3.0,7.0,6.0,1.0,6.0,7.0,3.0,2.0,5.0,4.0,1.0,7.0,3.0,4.0,6.0,2.0,5.0,1.0,4.0,6.0,3.0,7.0,2.0,5.0,1.0,2.0,6.0,3.0,4.0,5.0,7.0,1.0,6.0,3.0,7.0,2.0,4.0,5.0,1.0,6.0,7.0,1.0,4.0,2.0,5.0,3.0,1.0,6.0,3.0,5.0,4.0,7.0,2.0,6.0,4.0,5.0,3.0,1.0,7.0,2.0,1.0,6.0,3.0,5.0,4.0,7.0,2.0,5.0,4.0,6.0,3.0,2.0,7.0,1.0,1.0,7.0,5.0,2.0,4.0,6.0,3.0,7.0,5.0,3.0,4.0,2.0,6.0,1.0,4.0,7.0,1.0,2.0,6.0,5.0,3.0,4.0,2.0,1.0,3.0,5.0,7.0,6.0,7.0,4.0,6.0,2.0,3.0,1.0,5.0,It was easy,2.0,6.0,4.0,5.0,3.0,7.0,1.0,4.0,6.0,1.0,7.0,2.0,3.0,5.0,It was easy,2.0,6.0,4.0,3.0,1.0,5.0,7.0,1.0,3.0,4.0,5.0,6.0,7.0,2.0,4.0,5.0,1.0,6.0,3.0,7.0,2.0,5.0,7.0,3.0,6.0,1.0,4.0,2.0,4.0,6.0,2.0,5.0,3.0,7.0,1.0,2.0,5.0,1.0,4.0,3.0,7.0,6.0,4.0,7.0,2.0,1.0,3.0,6.0,5.0,5.0,2.0,4.0,3.0,6.0,7.0,1.0,3.0,7.0,6.0,4.0,1.0,5.0,2.0,6.0,7.0,3.0,1.0,4.0,5.0,2.0,6.0,2.0,5.0,4.0,1.0,7.0,3.0,3.0,7.0,2.0,6.0,5.0,4.0,1.0,1.0,6.0,2.0,3.0,5.0,7.0,4.0,2.0,5.0,1.0,4.0,3.0,7.0,6.0,1.0,7.0,2.0,3.0,6.0,5.0,4.0,6.0,7.0,2.0,3.0,5.0,4.0,1.0,4.0,5.0,7.0,6.0,2.0,3.0,1.0,3.0,7.0,2.0,1.0,4.0,6.0,5.0,4.0,2.0,3.0,5.0,1.0,7.0,6.0,6.0,5.0,4.0,3.0,2.0,7.0,1.0,3.0,4.0,2.0,6.0,5.0,7.0,1.0,5.0,3.0,4.0,6.0,1.0,7.0,2.0,3.0,6.0,4.0,2.0,1.0,7.0,5.0,2.0,5.0,1.0,4.0,3.0,6.0,7.0,4.0,6.0,1.0,7.0,3.0,2.0,5.0,4.0,6.0,2.0,3.0,7.0,5.0,1.0,3.0,5.0,4.0,7.0,2.0,6.0,1.0,6.0,7.0,3.0,4.0,2.0,5.0,1.0,2.0,3.0,4.0,5.0,6.0,7.0,1.0,4.0,7.0,3.0,2.0,5.0,6.0,1.0
2025-03-16 13:49,2025-03-16 14:20,IP Address,100,1858,TRUE,2025-03-16 14:20,anonymous,EN,P0096,5.0,4.0,3.0,6.0,1.0,2.0,7.0,2.0,6.0,3.0,4.0,5.0,7.0,1.0,2.0,4.0,5.0,3.0,7.0,6.0,1.0,2.0,5.0,3.0,7.0,6.0,4.0,1.0,1.0,6.0,4.0,5.0,2.0,7.0,3.0,1.0,4.0,3.0,5.0,6.0,7.0,2.0,7.0,3.0,2.0,5.0,4.0,6.0,1.0,5.0,6.0,4.0,2.0,1.0,7.0,3.0,4.0,7.0,3.0,2.0,1.0,5.0,6.0,2.0,6.0,3.0,4.0,5.0,7.0,1.0,5.0,6.0,3.0,7.0,4.0,2.0,1.0,2.0,4.0,6.0,7.0,3.0,5.0,1.0,7.0,4.0,3.0,5.0,1.0,6.0,2.0,1.0,3.0,4.0,7.0,6.0,5.0,2.0,7.0,1.0,2.0,4.0,3.0,5.0,6.0,7.0,4.0,5.0,3.0,2.0,6.0,1.0,2.0,6.0,3.0,1.0,5.0,7.0,4.0,6.0,2.0,3.0,4.0,1.0,7.0,5.0,It was easy,3.0,6.0,4.0,5.0,2.0,7.0,1.0,6.0,2.0,5.0,4.0,3.0,7.0,1.0,It was easy,1.0,4.0,6.0,7.0,2.0,5.0,3.0,2.0,4.0,3.0,7.0,5.0,6.0,1.0,3.0,6.0,4.0,5.0,2.0,7.0,1.0,3.0,7.0,5.0,1.0,6.0,4.0,2.0,7.0,6.0,3.0,4.0,2.0,5.0,1.0,1.0,3.0,7.0,5.0,4.0,6.0,2.0,2.0,5.0,6.0,4.0,1.0,7.0,3.0,4.0,6.0,2.0,5.0,3.0,7.0,1.0,1.0,4.0,3.0,5.0,6.0,7.0,2.0,6.0,3.0,5.0,7.0,1.0,4.0,2.0,2.0,4.0,1.0,6.0,5.0,7.0,3.0,1.0,5.0,3.0,7.0,4.0,6.0,2.0,2.0,7.0,1.0,4.0,6.0,5.0,3.0,2.0,4.0,5.0,6.0,3.0,7.0,1.0,2.0,7.0,6.0,1.0,5.0,3.0,4.0,4.0,3.0,7.0,6.0,2.0,5.0,1.0,5.0,4.0,7.0,6.0,3.0,2.0,1.0,5.0,3.0,4.0,6.0,1.0,7.0,2.0,7.0,6.0,4.0,3.0,2.0,5.0,1.0,2.0,4.0,1.0,5.0,3.0,7.0,6.0,2.0,5.0,3.0,4.0,7.0,6.0,1.0,3.0,6.0,2.0,4.0,5.0,7.0,1.0,6.0,7.0,3.0,2.0,1.0,4.0,5.0,2.0,5.0,1.0,6.0,4.0,7.0,3.0,5.0,6.0,3.0,2.0,1.0,7.0,4.0,4.0,7.0,2.0,3.0,5.0,6.0,1.0,3.0,5.0,4.0,2.0,6.0,7.0,1.0,2.0,4.0,1.0,6.0,3.0,7.0,5.0,2.0,4.0,3.0,7.0,6.0,5.0,1.0,2.0,6.0,4.0,5.0,3.0,7.0,1.0
2025-03-16 13:34,2025-03-16 14:21,IP Address,100,2829,TRUE,2025-03-16 14:21,anonymous,EN,P0077,3.0,6.0,2.0,5.0,4.0,7.0,1.0,1.0,7.0,2.0,5.0,4.0,6.0,3.0,2.0,6.0,3.0,5.0,4.0,7.0,1.0,5.0,6.0,1.0,4.0,3.0,7.0,2.0,3.0,5.0,2.0,4.0,7.0,6.0,1.0,3.0,6.0,2.0,4.0,5.0,7.0,1.0,4.0,2.0,3.0,5.0,6.0,7.0,1.0,2.0,5.0,3.0,6.0,4.0,7.0,1.0,7.0,4.0,2.0,6.0,3.0,5.0,1.0,2.0,6.0,1.0,5.0,4.0,7.0,3.0,3.0,6.0,2.0,5.0,4.0,7.0,1.0,3.0,6.0,2.0,5.0,4.0,7.0,1.0,3.0,4.0,2.0,7.0,5.0,6.0,1.0,2.0,5.0,3.0,6.0,4.0,7.0,1.0,2.0,4.0,3.0,6.0,7.0,5.0,1.0,3.0,4.0,2.0,7.0,6.0,5.0,1.0,2.0,7.0,4.0,3.0,6.0,5.0,1.0,4.0,6.0,5.0,3.0,2.0,7.0,1.0,It was easy,3.0,5.0,2.0,4.0,6.0,7.0,1.0,3.0,6.0,4.0,5.0,2.0,7.0,1.0,It was easy,2.0,7.0,3.0,4.0,5.0,6.0,1.0,4.0,2.0,1.0,5.0,7.0,6.0,3.0,6.0,2.0,4.0,5.0,3.0,7.0,1.0,2.0,6.0,3.0,5.0,4.0,7.0,1.0,3.0,7.0,2.0,4.0,5.0,6.0,1.0,3.0,4.0,2.0,7.0,6.0,5.0,1.0,3.0,4.0,2.0,6.0,5.0,7.0,1.0,2.0,5.0,3.0,6.0,4.0,7.0,1.0,6.0,2.0,3.0,5.0,4.0,7.0,1.0,3.0,5.0,2.0,6.0,4.0,7.0,1.0,5.0,6.0,2.0,4.0,3.0,7.0,1.0,3.0,6.0,4.0,2.0,5.0,7.0,1.0,1.0,6.0,2.0,5.0,4.0,7.0,3.0,1.0,7.0,3.0,4.0,5.0,6.0,2.0,2.0,6.0,4.0,5.0,3.0,7.0,1.0,1.0,6.0,2.0,5.0,4.0,7.0,3.0,1.0,4.0,2.0,6.0,5.0,7.0,3.0,2.0,4.0,3.0,7.0,6.0,5.0,1.0,7.0,5.0,2.0,3.0,4.0,6.0,1.0,2.0,5.0,3.0,4.0,7.0,6.0,1.0,3.0,4.0,2.0,6.0,5.0,7.0,1.0,7.0,3.0,2.0,5.0,4.0,6.0,1.0,6.0,4.0,2.0,3.0,5.0,7.0,1.0,2.0,6.0,3.0,5.0,4.0,7.0,1.0,2.0,6.0,3.0,5.0,4.0,7.0,1.0,3.0,6.0,1.0,5.0,4.0,7.0,2.0,5.0,6.0,1.0,4.0,3.0,7.0,2.0,3.0,6.0,2.0,5.0,4.0,7.0,1.0,3.0,4.0,2.0,6.0,5.0,7.0,1.0,7.0,6.0,2.0,5.0,3.0,4.0,1.0
2025-03-16 13:59,2025-03-16 14:26,IP Address,100,1565,TRUE,2025-03-16 14:26,anonymous,EN,P0101,6.0,7.0,3.0,4.0,2.0,1.0,5.0,2.0,4.0,7.0,3.0,1.0,6.0,5.0,6.0,7.0,3.0,1.0,2.0,4.0,5.0,1.0,6.0,4.0,5.0,2.0,7.0,3.0,2.0,6.0,3.0,5.0,4.0,7.0,1.0,6.0,3.0,1.0,5.0,4.0,7.0,2.0,3.0,4.0,1.0,7.0,2.0,6.0,5.0,2.0,6.0,3.0,4.0,5.0,7.0,1.0,5.0,4.0,3.0,2.0,1.0,7.0,6.0,2.0,3.0,4.0,5.0,6.0,7.0,1.0,1.0,6.0,4.0,3.0,2.0,7.0,5.0,1.0,7.0,5.0,2.0,3.0,6.0,4.0,1.0,3.0,6.0,2.0,4.0,5.0,7.0,7.0,4.0,2.0,3.0,1.0,5.0,6.0,4.0,3.0,7.0,1.0,2.0,6.0,5.0,7.0,2.0,4.0,5.0,3.0,1.0,6.0,6.0,4.0,1.0,3.0,2.0,5.0,7.0,5.0,1.0,2.0,6.0,4.0,7.0,3.0,It was easy,1.0,7.0,2.0,4.0,5.0,6.0,3.0,1.0,6.0,4.0,3.0,2.0,5.0,7.0,It was easy,1.0,5.0,6.0,3.0,2.0,7.0,4.0,4.0,7.0,5.0,2.0,3.0,1.0,6.0,1.0,2.0,3.0,6.0,4.0,7.0,5.0,2.0,7.0,1.0,3.0,6.0,4.0,5.0,3.0,6.0,4.0,1.0,2.0,7.0,5.0,4.0,7.0,5.0,1.0,2.0,3.0,6.0,3.0,7.0,6.0,4.0,2.0,1.0,5.0,7.0,4.0,2.0,1.0,6.0,5.0,3.0,6.0,4.0,2.0,3.0,1.0,5.0,7.0,4.0,5.0,7.0,6.0,1.0,2.0,3.0,2.0,4.0,1.0,3.0,5.0,7.0,6.0,3.0,6.0,7.0,2.0,1.0,4.0,5.0,3.0,6.0,4.0,5.0,2.0,7.0,1.0,2.0,1.0,7.0,3.0,5.0,6.0,4.0,5.0,6.0,4.0,2.0,1.0,7.0,3.0,7.0,6.0,3.0,5.0,2.0,1.0,4.0,6.0,3.0,7.0,5.0,1.0,4.0,2.0,1.0,4.0,6.0,2.0,3.0,7.0,5.0,6.0,4.0,5.0,3.0,1.0,2.0,7.0,3.0,5.0,6.0,2.0,1.0,7.0,4.0,4.0,6.0,7.0,5.0,3.0,1.0,2.0,2.0,5.0,4.0,6.0,1.0,3.0,7.0,6.0,5.0,7.0,1.0,2.0,3.0,4.0,3.0,4.0,6.0,7.0,1.0,2.0,5.0,4.0,7.0,1.0,6.0,3.0,2.0,5.0,4.0,7.0,1.0,2.0,3.0,6.0,5.0,2.0,4.0,6.0,3.0,1.0,7.0,5.0,5.0,1.0,6.0,4.0,2.0,7.0,3.0,4.0,2.0,7.0,5.0,3.0,1.0,6.0,2.0,6.0,4.0,5.0,3.0,7.0,1.0
2025-03-16 14:01,2025-03-16 14:26,IP Address,100,1520,TRUE,2025-03-16 14:26,anonymous,EN,P0104,4.0,7.0,1.0,5.0,2.0,6.0,3.0,6.0,3.0,2.0,1.0,7.0,5.0,4.0,6.0,4.0,1.0,3.0,2.0,5.0,7.0,3.0,6.0,4.0,2.0,1.0,7.0,5.0,6.0,3.0,4.0,2.0,1.0,5.0,7.0,2.0,6.0,3.0,5.0,1.0,7.0,4.0,2.0,1.0,5.0,7.0,3.0,6.0,4.0,1.0,6.0,4.0,7.0,3.0,2.0,5.0,3.0,2.0,6.0,1.0,5.0,4.0,7.0,2.0,6.0,3.0,4.0,5.0,7.0,1.0,3.0,7.0,5.0,1.0,4.0,6.0,2.0,3.0,6.0,1.0,4.0,2.0,7.0,5.0,6.0,7.0,3.0,2.0,1.0,5.0,4.0,5.0,3.0,4.0,6.0,1.0,7.0,2.0,2.0,5.0,6.0,7.0,3.0,4.0,1.0,3.0,6.0,2.0,5.0,4.0,7.0,1.0,7.0,6.0,1.0,2.0,3.0,4.0,5.0,2.0,4.0,5.0,3.0,1.0,6.0,7.0,It was easy,1.0,6.0,4.0,5.0,3.0,7.0,2.0,5.0,3.0,1.0,7.0,2.0,4.0,6.0,It was easy,2.0,6.0,4.0,5.0,3.0,7.0,1.0,7.0,6.0,3.0,4.0,1.0,5.0,2.0,3.0,2.0,1.0,5.0,4.0,6.0,7.0,4.0,5.0,3.0,6.0,2.0,7.0,1.0,6.0,4.0,3.0,2.0,1.0,5.0,7.0,7.0,4.0,2.0,3.0,1.0,6.0,5.0,2.0,4.0,3.0,7.0,1.0,6.0,5.0,7.0,2.0,4.0,1.0,6.0,5.0,3.0,1.0,5.0,7.0,2.0,3.0,6.0,4.0,5.0,7.0,4.0,1.0,2.0,6.0,3.0,3.0,4.0,6.0,2.0,1.0,7.0,5.0,6.0,4.0,2.0,3.0,1.0,5.0,7.0,1.0,5.0,4.0,7.0,3.0,6.0,2.0,5.0,2.0,1.0,6.0,3.0,7.0,4.0,4.0,6.0,3.0,2.0,1.0,7.0,5.0,6.0,4.0,5.0,2.0,1.0,7.0,3.0,5.0,3.0,7.0,1.0,4.0,6.0,2.0,2.0,5.0,6.0,4.0,1.0,7.0,3.0,2.0,4.0,5.0,3.0,1.0,6.0,7.0,2.0,5.0,3.0,6.0,4.0,7.0,1.0,7.0,5.0,3.0,4.0,2.0,6.0,1.0,6.0,5.0,4.0,2.0,3.0,7.0,1.0,5.0,3.0,1.0,2.0,6.0,4.0,7.0,4.0,5.0,2.0,3.0,1.0,7.0,6.0,7.0,3.0,2.0,5.0,4.0,6.0,1.0,1.0,6.0,3.0,5.0,4.0,7.0,2.0,6.0,1.0,5.0,2.0,4.0,7.0,3.0,1.0,6.0,3.0,5.0,2.0,7.0,4.0,3.0,5.0,4.0,2.0,6.0,7.0,1.0,4.0,5.0,2.0,3.0,1.0,6.0,7.0
2025-03-16 13:33,2025-03-16 14:28,IP Address,100,3262,TRUE,2025-03-16 14:28,anonymous,EN,P0074,2.0,6.0,3.0,4.0,5.0,7.0,1.0,4.0,5.0,3.0,6.0,2.0,7.0,1.0,2.0,5.0,7.0,4.0,3.0,6.0,1.0,4.0,5.0,7.0,3.0,2.0,6.0,1.0,1.0,5.0,4.0,6.0,3.0,2.0,7.0,2.0,4.0,3.0,5.0,6.0,7.0,1.0,4.0,7.0,3.0,1.0,6.0,5.0,2.0,4.0,6.0,3.0,7.0,2.0,5.0,1.0,3.0,7.0,6.0,4.0,2.0,5.0,1.0,1.0,7.0,3.0,6.0,5.0,4.0,2.0,5.0,7.0,4.0,6.0,3.0,2.0,1.0,1.0,4.0,3.0,7.0,2.0,5.0,6.0,3.0,4.0,2.0,7.0,5.0,6.0,1.0,2.0,6.0,5.0,7.0,3.0,4.0,1.0,2.0,5.0,3.0,4.0,7.0,6.0,1.0,4.0,7.0,2.0,5.0,3.0,6.0,1.0,1.0,3.0,5.0,4.0,7.0,6.0,2.0,3.0,5.0,7.0,4.0,2.0,6.0,1.0,It was easy,2.0,6.0,3.0,5.0,4.0,7.0,1.0,4.0,7.0,3.0,2.0,6.0,5.0,1.0,It was easy,1.0,3.0,7.0,5.0,6.0,4.0,2.0,2.0,6.0,5.0,4.0,3.0,7.0,1.0,3.0,5.0,4.0,6.0,2.0,7.0,1.0,2.0,6.0,3.0,5.0,4.0,7.0,1.0,3.0,5.0,7.0,4.0,1.0,6.0,2.0,2.0,4.0,3.0,6.0,5.0,7.0,1.0,1.0,7.0,3.0,6.0,4.0,5.0,2.0,2.0,6.0,3.0,4.0,7.0,5.0,1.0,3.0,6.0,2.0,5.0,4.0,7.0,1.0,2.0,6.0,5.0,4.0,3.0,7.0,1.0,2.0,4.0,3.0,6.0,7.0,5.0,1.0,1.0,5.0,3.0,6.0,4.0,7.0,2.0,3.0,7.0,1.0,4.0,6.0,5.0,2.0,3.0,5.0,6.0,4.0,2.0,7.0,1.0,1.0,5.0,4.0,3.0,7.0,6.0,2.0,1.0,4.0,3.0,7.0,5.0,6.0,2.0,5.0,4.0,7.0,6.0,2.0,3.0,1.0,4.0,5.0,3.0,6.0,2.0,7.0,1.0,3.0,6.0,7.0,5.0,2.0,4.0,1.0,2.0,7.0,4.0,3.0,6.0,5.0,1.0,1.0,3.0,6.0,4.0,5.0,7.0,2.0,2.0,6.0,4.0,5.0,3.0,7.0,1.0,2.0,7.0,5.0,1.0,4.0,6.0,3.0,2.0,6.0,3.0,1.0,7.0,5.0,4.0,3.0,7.0,4.0,2.0,6.0,5.0,1.0,2.0,5.0,3.0,4.0,7.0,6.0,1.0,1.0,5.0,2.0,3.0,6.0,7.0,4.0,2.0,6.0,4.0,5.0,3.0,7.0,1.0,2.0,5.0,4.0,3.0,6.0,7.0,1.0,1.0,5.0,3.0,7.0,6.0,4.0,2.0
2025-03-16 13:59,2025-03-16 14:30,IP Address,100,1848,TRUE,2025-03-16 14:30,anonymous,EN,P0099,5.0,6.0,4.0,2.0,3.0,7.0,1.0,1.0,7.0,3.0,4.0,5.0,6.0,2.0,2.0,6.0,5.0,4.0,3.0,7.0,1.0,2.0,5.0,4.0,7.0,3.0,6.0,1.0,4.0,3.0,2.0,5.0,6.0,7.0,1.0,4.0,3.0,1.0,5.0,6.0,7.0,2.0,2.0,3.0,4.0,7.0,5.0,6.0,1.0,3.0,2.0,4.0,5.0,7.0,6.0,1.0,6.0,5.0,2.0,4.0,3.0,7.0,1.0,2.0,6.0,3.0,5.0,4.0,7.0,1.0,5.0,7.0,3.0,4.0,2.0,6.0,1.0,1.0,4.0,3.0,7.0,6.0,5.0,2.0,2.0,3.0,4.0,5.0,7.0,6.0,1.0,2.0,4.0,6.0,3.0,5.0,7.0,1.0,2.0,4.0,3.0,6.0,5.0,7.0,1.0,3.0,6.0,2.0,5.0,4.0,7.0,1.0,2.0,4.0,3.0,6.0,7.0,5.0,1.0,2.0,6.0,1.0,4.0,3.0,7.0,5.0,It was easy,2.0,6.0,4.0,5.0,3.0,7.0,1.0,2.0,6.0,3.0,4.0,5.0,7.0,1.0,It was easy,2.0,6.0,4.0,1.0,5.0,7.0,3.0,3.0,2.0,4.0,5.0,6.0,7.0,1.0,3.0,6.0,4.0,5.0,2.0,7.0,1.0,3.0,6.0,2.0,5.0,4.0,7.0,1.0,3.0,5.0,2.0,4.0,6.0,7.0,1.0,1.0,6.0,3.0,5.0,4.0,7.0,2.0,1.0,4.0,2.0,5.0,6.0,7.0,3.0,3.0,4.0,2.0,7.0,6.0,5.0,1.0,4.0,5.0,2.0,3.0,6.0,7.0,1.0,4.0,6.0,2.0,5.0,3.0,7.0,1.0,1.0,6.0,2.0,5.0,4.0,7.0,3.0,1.0,5.0,4.0,7.0,3.0,6.0,2.0,3.0,4.0,2.0,5.0,6.0,7.0,1.0,2.0,6.0,4.0,1.0,5.0,7.0,3.0,1.0,6.0,2.0,5.0,4.0,7.0,3.0,3.0,2.0,4.0,5.0,6.0,7.0,1.0,3.0,5.0,7.0,6.0,2.0,4.0,1.0,3.0,4.0,2.0,7.0,6.0,5.0,1.0,4.0,6.0,2.0,5.0,3.0,7.0,1.0,2.0,4.0,3.0,7.0,6.0,5.0,1.0,2.0,7.0,3.0,4.0,6.0,5.0,1.0,4.0,7.0,2.0,5.0,3.0,6.0,1.0,2.0,6.0,5.0,1.0,4.0,7.0,3.0,2.0,6.0,4.0,5.0,1.0,7.0,3.0,3.0,7.0,4.0,2.0,5.0,6.0,1.0,1.0,3.0,7.0,6.0,4.0,5.0,2.0,3.0,6.0,1.0,5.0,4.0,7.0,2.0,3.0,6.0,1.0,5.0,4.0,7.0,2.0,3.0,7.0,4.0,5.0,2.0,6.0,1.0,2.0,4.0,3.0,7.0,5.0,6.0,1.0
2025-03-16 13:33,2025-03-16 14:30,IP Address,100,3441,TRUE,2025-03-16 14:30,anonymous,EN,P0066,7.0,3.0,5.0,2.0,6.0,4.0,1.0,6.0,4.0,5.0,1.0,3.0,7.0,2.0,4.0,7.0,6.0,2.0,3.0,5.0,1.0,3.0,7.0,4.0,5.0,2.0,6.0,1.0,3.0,5.0,1.0,7.0,4.0,6.0,2.0,1.0,6.0,3.0,5.0,4.0,7.0,2.0,2.0,5.0,6.0,4.0,3.0,7.0,1.0,3.0,6.0,7.0,5.0,2.0,4.0,1.0,2.0,6.0,3.0,4.0,5.0,7.0,1.0,1.0,7.0,4.0,6.0,3.0,5.0,2.0,3.0,5.0,2.0,7.0,6.0,4.0,1.0,5.0,2.0,6.0,3.0,4.0,7.0,1.0,4.0,6.0,1.0,5.0,3.0,7.0,2.0,2.0,3.0,5.0,6.0,4.0,7.0,1.0,4.0,6.0,5.0,3.0,2.0,7.0,1.0,4.0,3.0,5.0,2.0,6.0,7.0,1.0,2.0,5.0,3.0,4.0,7.0,6.0,1.0,4.0,6.0,1.0,5.0,3.0,7.0,2.0,It was easy,2.0,6.0,1.0,4.0,5.0,7.0,3.0,2.0,6.0,4.0,5.0,1.0,7.0,3.0,It was easy,1.0,6.0,2.0,4.0,7.0,5.0,3.0,2.0,3.0,4.0,5.0,7.0,6.0,1.0,4.0,3.0,2.0,6.0,7.0,5.0,1.0,1.0,7.0,5.0,4.0,3.0,6.0,2.0,2.0,3.0,5.0,4.0,6.0,7.0,1.0,5.0,4.0,1.0,6.0,3.0,7.0,2.0,5.0,4.0,1.0,2.0,6.0,7.0,3.0,6.0,5.0,1.0,3.0,4.0,7.0,2.0,3.0,4.0,2.0,5.0,6.0,7.0,1.0,4.0,5.0,1.0,2.0,7.0,6.0,3.0,5.0,6.0,1.0,4.0,2.0,7.0,3.0,4.0,6.0,5.0,2.0,1.0,7.0,3.0,2.0,5.0,3.0,4.0,1.0,7.0,6.0,5.0,4.0,6.0,1.0,3.0,7.0,2.0,2.0,6.0,1.0,5.0,4.0,7.0,3.0,2.0,7.0,5.0,3.0,4.0,6.0,1.0,6.0,5.0,7.0,3.0,4.0,2.0,1.0,3.0,7.0,2.0,1.0,5.0,6.0,4.0,5.0,7.0,1.0,4.0,2.0,6.0,3.0,1.0,5.0,2.0,7.0,4.0,6.0,3.0,3.0,4.0,2.0,7.0,6.0,5.0,1.0,1.0,3.0,2.0,4.0,6.0,7.0,5.0,5.0,3.0,1.0,2.0,6.0,7.0,4.0,1.0,4.0,3.0,6.0,7.0,5.0,2.0,2.0,5.0,3.0,4.0,7.0,6.0,1.0,5.0,6.0,4.0,3.0,2.0,7.0,1.0,5.0,6.0,1.0,3.0,2.0,7.0,4.0,2.0,4.0,6.0,3.0,5.0,7.0,1.0,5.0,2.0,3.0,6.0,4.0,7.0,1.0,2.0,3.0,5.0,6.0,4.0,7.0,1.0
2025-03-16 13:38,2025-03-16 14:32,IP Address,100,3243,TRUE,2025-03-16 14:32,anonymous,EN,P0075,4.0,2.0,3.0,5.0,1.0,6.0,7.0,2.0,7.0,4.0,5.0,1.0,6.0,3.0,2.0,5.0,6.0,3.0,4.0,7.0,1.0,5.0,6.0,1.0,3.0,4.0,7.0,2.0,5.0,2.0,1.0,3.0,4.0,7.0,6.0,5.0,7.0,6.0,2.0,4.0,3.0,1.0,7.0,6.0,1.0,5.0,3.0,4.0,2.0,2.0,4.0,7.0,3.0,1.0,6.0,5.0,6.0,5.0,1.0,4.0,2.0,7.0,3.0,1.0,5.0,2.0,6.0,4.0,3.0,7.0,3.0,5.0,7.0,6.0,1.0,4.0,2.0,1.0,7.0,4.0,6.0,5.0,3.0,2.0,5.0,7.0,6.0,1.0,3.0,4.0,2.0,7.0,4.0,5.0,3.0,2.0,6.0,1.0,3.0,1.0,2.0,5.0,4.0,6.0,7.0,1.0,6.0,3.0,5.0,4.0,7.0,2.0,7.0,3.0,5.0,4.0,1.0,6.0,2.0,2.0,6.0,5.0,3.0,1.0,4.0,7.0,It was easy,1.0,6.0,4.0,7.0,3.0,5.0,2.0,3.0,4.0,1.0,6.0,2.0,7.0,5.0,It was easy,2.0,6.0,4.0,5.0,3.0,7.0,1.0,1.0,2.0,4.0,3.0,5.0,6.0,7.0,5.0,4.0,6.0,3.0,2.0,7.0,1.0,6.0,3.0,7.0,1.0,2.0,5.0,4.0,2.0,3.0,5.0,1.0,4.0,7.0,6.0,2.0,7.0,6.0,1.0,3.0,4.0,5.0,7.0,6.0,3.0,4.0,2.0,1.0,5.0,2.0,7.0,4.0,6.0,5.0,3.0,1.0,7.0,5.0,3.0,4.0,2.0,6.0,1.0,1.0,4.0,6.0,5.0,2.0,3.0,7.0,6.0,5.0,2.0,4.0,1.0,7.0,3.0,5.0,4.0,7.0,3.0,2.0,6.0,1.0,3.0,6.0,4.0,7.0,2.0,1.0,5.0,7.0,4.0,1.0,6.0,3.0,5.0,2.0,3.0,1.0,6.0,2.0,4.0,7.0,5.0,7.0,2.0,4.0,6.0,1.0,5.0,3.0,4.0,1.0,5.0,7.0,2.0,6.0,3.0,1.0,7.0,4.0,3.0,6.0,5.0,2.0,3.0,6.0,2.0,1.0,5.0,4.0,7.0,1.0,4.0,5.0,3.0,2.0,7.0,6.0,1.0,7.0,4.0,6.0,5.0,3.0,2.0,6.0,4.0,7.0,3.0,2.0,5.0,1.0,1.0,5.0,2.0,4.0,3.0,6.0,7.0,3.0,1.0,6.0,5.0,2.0,4.0,7.0,4.0,5.0,7.0,6.0,1.0,3.0,2.0,7.0,5.0,3.0,1.0,2.0,6.0,4.0,5.0,6.0,7.0,2.0,1.0,4.0,3.0,5.0,6.0,2.0,3.0,1.0,7.0,4.0,1.0,7.0,4.0,6.0,2.0,5.0,3.0,6.0,7.0,1.0,5.0,4.0,2.0,3.0
2025-03-16 13:34,2025-03-16 14:32,IP Address,100,3497,TRUE,2025-03-16 14:32,anonymous,EN,P0076,5.0,7.0,2.0,3.0,4.0,6.0,1.0,2.0,5.0,1.0,6.0,4.0,7.0,3.0,1.0,6.0,5.0,4.0,3.0,7.0,2.0,5.0,4.0,2.0,6.0,3.0,7.0,1.0,2.0,7.0,3.0,4.0,6.0,5.0,1.0,2.0,6.0,1.0,5.0,4.0,7.0,3.0,3.0,2.0,4.0,5.0,7.0,6.0,1.0,4.0,3.0,2.0,5.0,7.0,6.0,1.0,3.0,4.0,2.0,6.0,5.0,7.0,1.0,2.0,7.0,5.0,3.0,4.0,6.0,1.0,3.0,5.0,1.0,6.0,4.0,7.0,2.0,4.0,7.0,2.0,3.0,5.0,6.0,1.0,4.0,6.0,2.0,5.0,3.0,7.0,1.0,2.0,6.0,4.0,5.0,3.0,7.0,1.0,6.0,3.0,2.0,5.0,4.0,7.0,1.0,3.0,5.0,2.0,7.0,4.0,6.0,1.0,3.0,4.0,2.0,5.0,6.0,7.0,1.0,6.0,4.0,3.0,7.0,1.0,2.0,5.0,It was easy,1.0,6.0,3.0,5.0,4.0,7.0,2.0,4.0,6.0,2.0,1.0,3.0,7.0,5.0,It was easy,4.0,3.0,5.0,7.0,2.0,6.0,1.0,4.0,3.0,2.0,5.0,7.0,6.0,1.0,4.0,2.0,3.0,6.0,5.0,7.0,1.0,3.0,6.0,4.0,5.0,2.0,7.0,1.0,2.0,6.0,4.0,3.0,7.0,5.0,1.0,3.0,6.0,1.0,5.0,4.0,7.0,2.0,1.0,7.0,4.0,3.0,5.0,6.0,2.0,4.0,6.0,3.0,5.0,2.0,7.0,1.0,2.0,5.0,4.0,3.0,7.0,6.0,1.0,3.0,6.0,2.0,5.0,4.0,7.0,1.0,5.0,6.0,1.0,4.0,3.0,7.0,2.0,3.0,6.0,2.0,7.0,4.0,5.0,1.0,4.0,6.0,2.0,5.0,3.0,7.0,1.0,3.0,6.0,2.0,4.0,5.0,7.0,1.0,1.0,5.0,2.0,7.0,4.0,6.0,3.0,2.0,5.0,3.0,6.0,4.0,7.0,1.0,1.0,4.0,6.0,5.0,3.0,7.0,2.0,1.0,2.0,3.0,6.0,5.0,7.0,4.0,5.0,7.0,4.0,3.0,1.0,6.0,2.0,1.0,3.0,2.0,5.0,7.0,6.0,4.0,3.0,6.0,5.0,4.0,2.0,7.0,1.0,7.0,5.0,2.0,4.0,3.0,6.0,1.0,7.0,4.0,2.0,6.0,1.0,3.0,5.0,2.0,7.0,4.0,5.0,1.0,6.0,3.0,1.0,3.0,4.0,7.0,6.0,5.0,2.0,1.0,7.0,2.0,5.0,3.0,6.0,4.0,3.0,6.0,1.0,5.0,4.0,7.0,2.0,3.0,6.0,2.0,5.0,4.0,7.0,1.0,5.0,2.0,3.0,4.0,7.0,6.0,1.0,1.0,5.0,3.0,4.0,6.0,7.0,2.0
2025-03-16 13:42,2025-03-16 14:33,IP Address,100,3051,TRUE,2025-03-16 14:33,anonymous,EN,,1.0,3.0,2.0,5.0,7.0,6.0,4.0,7.0,4.0,1.0,3.0,6.0,5.0,2.0,2.0,6.0,4.0,5.0,3.0,7.0,1.0,4.0,5.0,3.0,7.0,2.0,6.0,1.0,3.0,6.0,2.0,5.0,4.0,7.0,1.0,1.0,7.0,3.0,5.0,6.0,4.0,2.0,5.0,6.0,1.0,4.0,3.0,7.0,2.0,3.0,6.0,2.0,5.0,4.0,7.0,1.0,2.0,6.0,3.0,4.0,5.0,7.0,1.0,2.0,5.0,3.0,6.0,4.0,7.0,1.0,2.0,6.0,7.0,5.0,3.0,1.0,4.0,1.0,5.0,6.0,4.0,3.0,7.0,2.0,6.0,5.0,2.0,3.0,4.0,7.0,1.0,3.0,7.0,5.0,4.0,2.0,6.0,1.0,4.0,5.0,6.0,3.0,2.0,7.0,1.0,4.0,2.0,6.0,5.0,3.0,7.0,1.0,4.0,5.0,1.0,2.0,3.0,6.0,7.0,4.0,2.0,6.0,7.0,1.0,5.0,3.0,It was easy,2.0,6.0,3.0,4.0,5.0,7.0,1.0,3.0,6.0,1.0,5.0,2.0,7.0,4.0,It was easy,2.0,3.0,6.0,4.0,7.0,5.0,1.0,5.0,1.0,2.0,4.0,6.0,7.0,3.0,3.0,6.0,2.0,5.0,4.0,7.0,1.0,5.0,2.0,4.0,6.0,3.0,7.0,1.0,4.0,2.0,1.0,5.0,7.0,6.0,3.0,3.0,7.0,2.0,4.0,6.0,5.0,1.0,2.0,3.0,4.0,5.0,7.0,6.0,1.0,5.0,2.0,3.0,4.0,6.0,7.0,1.0,2.0,6.0,5.0,4.0,3.0,7.0,1.0,2.0,4.0,6.0,5.0,3.0,7.0,1.0,2.0,6.0,5.0,3.0,4.0,7.0,1.0,4.0,3.0,1.0,6.0,7.0,5.0,2.0,2.0,7.0,4.0,1.0,5.0,6.0,3.0,3.0,6.0,2.0,5.0,4.0,7.0,1.0,1.0,4.0,5.0,7.0,2.0,6.0,3.0,5.0,3.0,2.0,7.0,6.0,4.0,1.0,7.0,2.0,4.0,6.0,1.0,5.0,3.0,6.0,2.0,1.0,4.0,3.0,7.0,5.0,3.0,4.0,5.0,1.0,7.0,6.0,2.0,1.0,5.0,3.0,4.0,7.0,6.0,2.0,3.0,7.0,2.0,6.0,5.0,4.0,1.0,1.0,7.0,4.0,3.0,5.0,6.0,2.0,6.0,4.0,5.0,2.0,3.0,1.0,7.0,3.0,6.0,2.0,5.0,1.0,7.0,4.0,3.0,2.0,1.0,5.0,6.0,7.0,4.0,3.0,5.0,2.0,4.0,7.0,6.0,1.0,7.0,5.0,1.0,4.0,3.0,6.0,2.0,5.0,6.0,3.0,4.0,1.0,7.0,2.0,3.0,2.0,5.0,4.0,7.0,6.0,1.0,3.0,5.0,2.0,6.0,4.0,7.0,1.0
2025-03-16 14:04,2025-03-16 14:35,IP Address,100,1882,TRUE,2025-03-16 14:35,anonymous,EN,P0105,3.0,6.0,4.0,1.0,2.0,7.0,5.0,4.0,7.0,5.0,2.0,3.0,6.0,1.0,3.0,6.0,4.0,5.0,1.0,7.0,2.0,1.0,6.0,3.0,5.0,4.0,7.0,2.0,2.0,6.0,3.0,5.0,4.0,7.0,1.0,2.0,6.0,3.0,4.0,5.0,7.0,1.0,5.0,7.0,3.0,4.0,1.0,6.0,2.0,3.0,5.0,1.0,7.0,4.0,6.0,2.0,1.0,4.0,5.0,3.0,2.0,7.0,6.0,2.0,7.0,3.0,5.0,6.0,4.0,1.0,4.0,6.0,3.0,2.0,5.0,7.0,1.0,1.0,5.0,3.0,4.0,2.0,7.0,6.0,2.0,6.0,3.0,1.0,5.0,7.0,4.0,1.0,6.0,4.0,5.0,2.0,7.0,3.0,7.0,4.0,5.0,2.0,1.0,6.0,3.0,5.0,2.0,6.0,4.0,1.0,7.0,3.0,4.0,7.0,1.0,3.0,6.0,5.0,2.0,3.0,5.0,1.0,4.0,2.0,6.0,7.0,It was easy,1.0,7.0,3.0,4.0,5.0,6.0,2.0,5.0,4.0,2.0,3.0,1.0,7.0,6.0,It was easy,1.0,7.0,5.0,3.0,6.0,4.0,2.0,1.0,4.0,5.0,3.0,7.0,6.0,2.0,4.0,7.0,6.0,3.0,1.0,5.0,2.0,6.0,7.0,2.0,5.0,1.0,4.0,3.0,2.0,3.0,7.0,4.0,6.0,5.0,1.0,1.0,3.0,5.0,4.0,7.0,6.0,2.0,1.0,7.0,3.0,2.0,6.0,4.0,5.0,3.0,5.0,1.0,7.0,2.0,6.0,4.0,1.0,6.0,5.0,3.0,2.0,7.0,4.0,4.0,5.0,6.0,7.0,1.0,2.0,3.0,6.0,7.0,4.0,5.0,3.0,2.0,1.0,1.0,3.0,2.0,6.0,4.0,7.0,5.0,2.0,1.0,7.0,4.0,3.0,6.0,5.0,7.0,3.0,6.0,4.0,2.0,5.0,1.0,6.0,4.0,7.0,3.0,2.0,5.0,1.0,2.0,6.0,5.0,3.0,4.0,7.0,1.0,4.0,3.0,2.0,6.0,5.0,7.0,1.0,3.0,6.0,1.0,4.0,7.0,5.0,2.0,1.0,5.0,6.0,4.0,3.0,7.0,2.0,7.0,5.0,1.0,2.0,3.0,6.0,4.0,4.0,5.0,7.0,1.0,3.0,6.0,2.0,2.0,5.0,1.0,6.0,4.0,7.0,3.0,1.0,5.0,3.0,7.0,4.0,6.0,2.0,6.0,1.0,2.0,3.0,5.0,4.0,7.0,6.0,3.0,2.0,1.0,4.0,5.0,7.0,6.0,7.0,2.0,3.0,4.0,5.0,1.0,4.0,3.0,1.0,2.0,5.0,7.0,6.0,7.0,1.0,4.0,3.0,5.0,6.0,2.0,1.0,3.0,7.0,6.0,2.0,5.0,4.0,5.0,7.0,6.0,3.0,2.0,4.0,1.0
2025-03-16 13:46,2025-03-16 14:37,IP Address,100,3022,TRUE,2025-03-16 14:37,anonymous,EN,P0092,2.0,6.0,3.0,4.0,5.0,7.0,1.0,2.0,7.0,1.0,5.0,6.0,4.0,3.0,2.0,4.0,3.0,6.0,5.0,7.0,1.0,2.0,3.0,7.0,6.0,4.0,5.0,1.0,2.0,7.0,4.0,6.0,3.0,5.0,1.0,1.0,5.0,3.0,6.0,4.0,7.0,2.0,2.0,4.0,3.0,7.0,5.0,6.0,1.0,4.0,7.0,1.0,5.0,2.0,6.0,3.0,3.0,7.0,4.0,6.0,2.0,5.0,1.0,2.0,6.0,3.0,5.0,4.0,7.0,1.0,3.0,7.0,4.0,6.0,2.0,5.0,1.0,3.0,4.0,2.0,7.0,5.0,6.0,1.0,4.0,6.0,2.0,3.0,5.0,7.0,1.0,3.0,6.0,2.0,5.0,4.0,7.0,1.0,2.0,6.0,3.0,4.0,5.0,7.0,1.0,3.0,5.0,2.0,6.0,4.0,7.0,1.0,1.0,6.0,4.0,3.0,7.0,5.0,2.0,2.0,5.0,3.0,6.0,4.0,7.0,1.0,It was easy,1.0,7.0,3.0,5.0,4.0,6.0,2.0,2.0,4.0,3.0,7.0,5.0,6.0,1.0,It was easy,2.0,6.0,4.0,5.0,3.0,7.0,1.0,2.0,3.0,7.0,6.0,4.0,5.0,1.0,6.0,3.0,4.0,5.0,2.0,7.0,1.0,2.0,5.0,3.0,6.0,4.0,7.0,1.0,5.0,7.0,4.0,2.0,3.0,6.0,1.0,1.0,6.0,2.0,5.0,4.0,7.0,3.0,1.0,4.0,3.0,7.0,5.0,6.0,2.0,4.0,6.0,1.0,3.0,7.0,5.0,2.0,5.0,2.0,4.0,3.0,6.0,7.0,1.0,2.0,4.0,7.0,3.0,5.0,6.0,1.0,2.0,5.0,1.0,7.0,6.0,4.0,3.0,2.0,7.0,3.0,4.0,5.0,6.0,1.0,4.0,7.0,1.0,3.0,5.0,6.0,2.0,5.0,6.0,4.0,2.0,1.0,7.0,3.0,3.0,5.0,1.0,6.0,4.0,7.0,2.0,2.0,5.0,6.0,4.0,3.0,7.0,1.0,6.0,4.0,5.0,7.0,2.0,3.0,1.0,3.0,4.0,2.0,5.0,6.0,7.0,1.0,3.0,6.0,4.0,5.0,2.0,7.0,1.0,2.0,4.0,3.0,5.0,6.0,7.0,1.0,2.0,6.0,5.0,3.0,4.0,7.0,1.0,2.0,7.0,4.0,5.0,3.0,6.0,1.0,1.0,3.0,7.0,4.0,5.0,6.0,2.0,4.0,6.0,3.0,5.0,1.0,7.0,2.0,3.0,6.0,1.0,5.0,4.0,7.0,2.0,2.0,7.0,4.0,3.0,6.0,5.0,1.0,7.0,3.0,2.0,1.0,5.0,4.0,6.0,1.0,4.0,5.0,6.0,3.0,7.0,2.0,1.0,7.0,2.0,3.0,6.0,5.0,4.0,2.0,6.0,3.0,5.0,4.0,7.0,1.0
2025-03-16 13:54,2025-03-16 14:40,IP Address,100,2721,TRUE,2025-03-16 14:40,anonymous,EN,P0097,3.0,6.0,2.0,5.0,4.0,7.0,1.0,6.0,4.0,2.0,3.0,7.0,5.0,1.0,4.0,7.0,2.0,6.0,3.0,5.0,1.0,3.0,6.0,2.0,7.0,4.0,5.0,1.0,4.0,6.0,2.0,5.0,3.0,7.0,1.0,1.0,6.0,3.0,7.0,5.0,4.0,2.0,2.0,4.0,3.0,5.0,6.0,7.0,1.0,3.0,4.0,2.0,5.0,7.0,6.0,1.0,2.0,7.0,1.0,6.0,5.0,4.0,3.0,2.0,6.0,5.0,4.0,3.0,7.0,1.0,5.0,7.0,3.0,6.0,4.0,2.0,1.0,1.0,3.0,4.0,5.0,7.0,6.0,2.0,3.0,5.0,1.0,4.0,6.0,7.0,2.0,3.0,4.0,2.0,5.0,7.0,6.0,1.0,3.0,6.0,1.0,5.0,4.0,7.0,2.0,4.0,6.0,3.0,5.0,2.0,7.0,1.0,6.0,7.0,2.0,4.0,5.0,3.0,1.0,1.0,5.0,6.0,4.0,3.0,7.0,2.0,It was easy,1.0,7.0,2.0,4.0,5.0,6.0,3.0,2.0,3.0,7.0,5.0,4.0,6.0,1.0,It was easy,4.0,7.0,6.0,3.0,2.0,5.0,1.0,5.0,6.0,2.0,1.0,3.0,7.0,4.0,2.0,6.0,4.0,3.0,7.0,5.0,1.0,2.0,4.0,3.0,7.0,5.0,6.0,1.0,3.0,6.0,2.0,5.0,4.0,7.0,1.0,1.0,5.0,4.0,6.0,3.0,7.0,2.0,3.0,7.0,5.0,2.0,4.0,6.0,1.0,4.0,6.0,2.0,3.0,7.0,5.0,1.0,2.0,6.0,3.0,5.0,4.0,7.0,1.0,2.0,6.0,5.0,4.0,3.0,7.0,1.0,2.0,4.0,3.0,7.0,5.0,6.0,1.0,2.0,6.0,3.0,5.0,4.0,7.0,1.0,3.0,5.0,2.0,4.0,7.0,6.0,1.0,3.0,6.0,1.0,5.0,4.0,7.0,2.0,2.0,3.0,1.0,7.0,6.0,5.0,4.0,3.0,6.0,2.0,7.0,4.0,5.0,1.0,4.0,2.0,5.0,7.0,3.0,6.0,1.0,3.0,6.0,4.0,5.0,2.0,7.0,1.0,5.0,6.0,1.0,4.0,2.0,7.0,3.0,1.0,7.0,5.0,2.0,6.0,4.0,3.0,2.0,7.0,3.0,4.0,5.0,6.0,1.0,1.0,2.0,4.0,6.0,3.0,7.0,5.0,6.0,4.0,3.0,2.0,7.0,5.0,1.0,5.0,7.0,1.0,2.0,6.0,4.0,3.0,6.0,5.0,2.0,4.0,3.0,7.0,1.0,7.0,5.0,2.0,4.0,3.0,6.0,1.0,3.0,6.0,1.0,5.0,4.0,7.0,2.0,6.0,4.0,2.0,5.0,3.0,7.0,1.0,1.0,3.0,4.0,7.0,6.0,5.0,2.0,5.0,7.0,2.0,6.0,3.0,4.0,1.0
2025-03-16 13:37,2025-03-16 14:40,IP Address,100,3790,TRUE,2025-03-16 14:40,anonymous,EN,P0085,2.0,7.0,3.0,4.0,5.0,6.0,1.0,3.0,7.0,2.0,5.0,6.0,4.0,1.0,2.0,5.0,3.0,6.0,4.0,7.0,1.0,2.0,7.0,4.0,3.0,6.0,5.0,1.0,3.0,7.0,1.0,4.0,5.0,6.0,2.0,1.0,6.0,3.0,4.0,5.0,7.0,2.0,2.0,5.0,3.0,6.0,4.0,7.0,1.0,5.0,3.0,2.0,6.0,4.0,7.0,1.0,4.0,7.0,2.0,5.0,3.0,6.0,1.0,2.0,6.0,3.0,5.0,4.0,7.0,1.0,2.0,6.0,3.0,7.0,5.0,4.0,1.0,2.0,5.0,6.0,4.0,3.0,7.0,1.0,2.0,6.0,3.0,5.0,4.0,7.0,1.0,2.0,5.0,3.0,7.0,4.0,6.0,1.0,2.0,6.0,3.0,4.0,5.0,7.0,1.0,2.0,6.0,3.0,4.0,7.0,5.0,1.0,2.0,6.0,3.0,5.0,4.0,7.0,1.0,2.0,4.0,3.0,6.0,5.0,7.0,1.0,It was easy,3.0,7.0,1.0,4.0,6.0,5.0,2.0,3.0,6.0,2.0,5.0,4.0,7.0,1.0,It was easy,2.0,6.0,3.0,5.0,4.0,7.0,1.0,3.0,4.0,2.0,6.0,5.0,7.0,1.0,3.0,6.0,4.0,5.0,2.0,7.0,1.0,2.0,5.0,3.0,6.0,4.0,7.0,1.0,2.0,7.0,3.0,4.0,5.0,6.0,1.0,3.0,7.0,1.0,6.0,4.0,5.0,2.0,2.0,3.0,5.0,6.0,4.0,7.0,1.0,5.0,4.0,2.0,3.0,6.0,7.0,1.0,5.0,6.0,4.0,3.0,2.0,7.0,1.0,2.0,6.0,5.0,4.0,3.0,7.0,1.0,3.0,6.0,2.0,4.0,7.0,5.0,1.0,3.0,4.0,2.0,5.0,6.0,7.0,1.0,3.0,6.0,2.0,5.0,4.0,7.0,1.0,2.0,6.0,4.0,3.0,5.0,7.0,1.0,3.0,4.0,2.0,5.0,7.0,6.0,1.0,2.0,4.0,5.0,6.0,3.0,7.0,1.0,3.0,5.0,2.0,7.0,4.0,6.0,1.0,2.0,4.0,3.0,6.0,7.0,5.0,1.0,2.0,7.0,3.0,5.0,4.0,6.0,1.0,3.0,6.0,2.0,5.0,4.0,7.0,1.0,2.0,3.0,5.0,4.0,6.0,7.0,1.0,3.0,5.0,2.0,6.0,4.0,7.0,1.0,4.0,7.0,5.0,2.0,3.0,6.0,1.0,1.0,6.0,4.0,5.0,3.0,7.0,2.0,2.0,5.0,3.0,6.0,4.0,7.0,1.0,3.0,5.0,2.0,4.0,6.0,7.0,1.0,3.0,6.0,2.0,5.0,4.0,7.0,1.0,2.0,5.0,3.0,6.0,4.0,7.0,1.0,3.0,5.0,2.0,4.0,6.0,7.0,1.0,2.0,6.0,3.0,7.0,4.0,5.0,1.0
2025-03-16 14:01,2025-03-16 14:45,IP Address,100,2634,TRUE,2025-03-16 14:45,anonymous,EN,P0098,3.0,2.0,6.0,4.0,1.0,5.0,7.0,2.0,6.0,3.0,5.0,4.0,7.0,1.0,2.0,7.0,4.0,3.0,1.0,6.0,5.0,3.0,6.0,2.0,5.0,4.0,7.0,1.0,2.0,6.0,3.0,4.0,5.0,7.0,1.0,4.0,2.0,5.0,6.0,3.0,7.0,1.0,5.0,4.0,2.0,3.0,1.0,7.0,6.0,3.0,7.0,5.0,2.0,1.0,6.0,4.0,7.0,4.0,3.0,6.0,2.0,5.0,1.0,1.0,4.0,3.0,7.0,2.0,5.0,6.0,5.0,3.0,7.0,4.0,1.0,2.0,6.0,1.0,7.0,5.0,2.0,4.0,3.0,6.0,7.0,6.0,4.0,3.0,1.0,5.0,2.0,2.0,6.0,3.0,5.0,1.0,7.0,4.0,4.0,7.0,3.0,6.0,2.0,5.0,1.0,1.0,7.0,4.0,2.0,6.0,5.0,3.0,6.0,3.0,5.0,2.0,1.0,4.0,7.0,4.0,3.0,7.0,2.0,1.0,5.0,6.0,It was easy,2.0,6.0,3.0,5.0,4.0,7.0,1.0,4.0,5.0,1.0,6.0,3.0,7.0,2.0,It was easy,3.0,6.0,4.0,2.0,1.0,7.0,5.0,4.0,3.0,7.0,5.0,2.0,6.0,1.0,2.0,4.0,1.0,7.0,5.0,6.0,3.0,3.0,7.0,1.0,6.0,2.0,5.0,4.0,5.0,6.0,3.0,2.0,1.0,7.0,4.0,1.0,7.0,2.0,4.0,6.0,5.0,3.0,3.0,6.0,2.0,1.0,4.0,7.0,5.0,7.0,2.0,4.0,5.0,3.0,6.0,1.0,5.0,6.0,7.0,2.0,4.0,3.0,1.0,7.0,2.0,1.0,5.0,4.0,6.0,3.0,2.0,4.0,6.0,3.0,5.0,7.0,1.0,7.0,3.0,5.0,4.0,2.0,6.0,1.0,3.0,7.0,1.0,2.0,4.0,6.0,5.0,3.0,4.0,5.0,7.0,2.0,6.0,1.0,3.0,7.0,5.0,2.0,6.0,4.0,1.0,2.0,5.0,7.0,4.0,3.0,6.0,1.0,6.0,4.0,3.0,7.0,2.0,5.0,1.0,4.0,3.0,1.0,5.0,6.0,7.0,2.0,7.0,5.0,4.0,3.0,2.0,6.0,1.0,2.0,7.0,6.0,3.0,4.0,5.0,1.0,7.0,5.0,3.0,4.0,2.0,6.0,1.0,5.0,4.0,2.0,6.0,3.0,7.0,1.0,3.0,4.0,6.0,7.0,2.0,5.0,1.0,7.0,2.0,1.0,5.0,3.0,6.0,4.0,3.0,5.0,1.0,6.0,4.0,7.0,2.0,5.0,7.0,3.0,4.0,2.0,6.0,1.0,1.0,3.0,7.0,6.0,4.0,2.0,5.0,4.0,6.0,7.0,1.0,2.0,5.0,3.0,5.0,7.0,1.0,6.0,4.0,2.0,3.0,4.0,6.0,3.0,5.0,2.0,7.0,1.0
2025-03-16 13:41,2025-03-16 14:46,IP Address,100,3862,TRUE,2025-03-16 14:46,anonymous,EN,P0078,6.0,4.0,3.0,7.0,2.0,5.0,1.0,2.0,6.0,1.0,5.0,4.0,7.0,3.0,2.0,6.0,5.0,4.0,3.0,7.0,1.0,2.0,6.0,3.0,4.0,5.0,7.0,1.0,2.0,5.0,1.0,6.0,4.0,7.0,3.0,3.0,5.0,2.0,4.0,1.0,6.0,7.0,5.0,6.0,2.0,4.0,3.0,7.0,1.0,2.0,6.0,3.0,4.0,5.0,7.0,1.0,2.0,6.0,3.0,4.0,5.0,7.0,1.0,3.0,7.0,4.0,5.0,2.0,6.0,1.0,6.0,4.0,7.0,3.0,2.0,5.0,1.0,5.0,2.0,1.0,6.0,3.0,7.0,4.0,2.0,5.0,6.0,4.0,3.0,7.0,1.0,1.0,2.0,5.0,4.0,3.0,7.0,6.0,2.0,4.0,3.0,5.0,7.0,6.0,1.0,2.0,6.0,5.0,7.0,4.0,3.0,1.0,1.0,7.0,3.0,5.0,2.0,6.0,4.0,5.0,4.0,6.0,2.0,1.0,7.0,3.0,It was easy,1.0,6.0,4.0,5.0,3.0,7.0,2.0,4.0,7.0,5.0,2.0,1.0,6.0,3.0,It was easy,2.0,1.0,6.0,4.0,5.0,3.0,7.0,2.0,7.0,3.0,4.0,5.0,6.0,1.0,6.0,2.0,5.0,3.0,1.0,7.0,4.0,3.0,5.0,2.0,6.0,4.0,7.0,1.0,1.0,5.0,4.0,7.0,3.0,6.0,2.0,2.0,3.0,1.0,5.0,6.0,7.0,4.0,1.0,5.0,6.0,7.0,3.0,4.0,2.0,3.0,7.0,2.0,1.0,5.0,6.0,4.0,1.0,7.0,6.0,4.0,2.0,5.0,3.0,6.0,5.0,7.0,1.0,2.0,4.0,3.0,6.0,4.0,1.0,2.0,3.0,7.0,5.0,2.0,5.0,4.0,3.0,6.0,7.0,1.0,1.0,7.0,3.0,4.0,6.0,5.0,2.0,3.0,6.0,5.0,1.0,4.0,7.0,2.0,1.0,3.0,2.0,6.0,5.0,7.0,4.0,3.0,4.0,7.0,5.0,2.0,6.0,1.0,3.0,4.0,7.0,2.0,1.0,5.0,6.0,2.0,3.0,4.0,7.0,6.0,5.0,1.0,2.0,7.0,4.0,5.0,1.0,6.0,3.0,2.0,5.0,4.0,6.0,3.0,7.0,1.0,2.0,6.0,5.0,4.0,3.0,7.0,1.0,4.0,7.0,5.0,2.0,3.0,6.0,1.0,5.0,6.0,3.0,4.0,2.0,7.0,1.0,1.0,4.0,3.0,7.0,2.0,6.0,5.0,3.0,7.0,5.0,2.0,1.0,4.0,6.0,5.0,6.0,2.0,3.0,4.0,7.0,1.0,2.0,4.0,5.0,6.0,3.0,7.0,1.0,1.0,7.0,4.0,5.0,2.0,6.0,3.0,2.0,7.0,3.0,5.0,6.0,4.0,1.0,4.0,6.0,5.0,3.0,2.0,7.0,1.0
2025-03-16 14:09,2025-03-16 14:49,IP Address,100,2386,TRUE,2025-03-16 14:49,anonymous,EN,P0102,5.0,1.0,2.0,7.0,3.0,6.0,4.0,7.0,3.0,2.0,4.0,5.0,6.0,1.0,3.0,4.0,5.0,1.0,7.0,6.0,2.0,4.0,5.0,6.0,3.0,2.0,7.0,1.0,4.0,6.0,3.0,2.0,1.0,7.0,5.0,1.0,3.0,5.0,6.0,4.0,7.0,2.0,3.0,7.0,4.0,6.0,2.0,5.0,1.0,2.0,5.0,1.0,6.0,4.0,7.0,3.0,4.0,3.0,2.0,5.0,6.0,7.0,1.0,2.0,6.0,1.0,5.0,4.0,7.0,3.0,2.0,6.0,7.0,1.0,3.0,5.0,4.0,4.0,7.0,2.0,5.0,1.0,6.0,3.0,6.0,5.0,3.0,1.0,4.0,2.0,7.0,4.0,6.0,5.0,3.0,1.0,7.0,2.0,2.0,6.0,5.0,4.0,3.0,7.0,1.0,1.0,4.0,7.0,5.0,3.0,6.0,2.0,3.0,6.0,2.0,1.0,7.0,5.0,4.0,5.0,6.0,4.0,3.0,1.0,7.0,2.0,It was easy,3.0,6.0,4.0,5.0,2.0,7.0,1.0,2.0,6.0,4.0,5.0,3.0,7.0,1.0,It was easy,2.0,5.0,6.0,4.0,3.0,7.0,1.0,3.0,2.0,1.0,4.0,5.0,6.0,7.0,7.0,3.0,4.0,1.0,5.0,6.0,2.0,2.0,3.0,7.0,1.0,4.0,5.0,6.0,1.0,2.0,3.0,4.0,5.0,6.0,7.0,6.0,5.0,4.0,3.0,2.0,1.0,7.0,4.0,6.0,1.0,5.0,3.0,7.0,2.0,7.0,4.0,6.0,1.0,3.0,5.0,2.0,7.0,5.0,3.0,4.0,1.0,6.0,2.0,4.0,2.0,1.0,6.0,3.0,7.0,5.0,4.0,7.0,1.0,5.0,3.0,6.0,2.0,6.0,5.0,3.0,1.0,2.0,7.0,4.0,3.0,2.0,7.0,1.0,4.0,6.0,5.0,4.0,6.0,1.0,5.0,3.0,7.0,2.0,2.0,6.0,5.0,4.0,3.0,7.0,1.0,2.0,4.0,3.0,7.0,6.0,5.0,1.0,7.0,1.0,4.0,2.0,5.0,6.0,3.0,5.0,1.0,2.0,6.0,4.0,7.0,3.0,5.0,1.0,2.0,3.0,4.0,7.0,6.0,3.0,7.0,2.0,1.0,6.0,5.0,4.0,7.0,5.0,1.0,3.0,2.0,6.0,4.0,2.0,6.0,3.0,5.0,1.0,7.0,4.0,6.0,5.0,7.0,3.0,1.0,4.0,2.0,4.0,2.0,7.0,3.0,1.0,6.0,5.0,4.0,7.0,1.0,6.0,3.0,5.0,2.0,2.0,4.0,6.0,7.0,1.0,5.0,3.0,6.0,5.0,2.0,7.0,3.0,4.0,1.0,6.0,5.0,3.0,2.0,1.0,7.0,4.0,1.0,5.0,2.0,7.0,3.0,4.0,6.0,2.0,6.0,4.0,5.0,3.0,7.0,1.0
2025-03-16 13:35,2025-03-16 14:55,IP Address,100,4829,TRUE,2025-03-16 14:55,anonymous,EN,P0082,1.0,6.0,3.0,2.0,5.0,7.0,4.0,2.0,6.0,3.0,4.0,5.0,7.0,1.0,2.0,5.0,6.0,4.0,3.0,7.0,1.0,2.0,7.0,3.0,6.0,5.0,4.0,1.0,2.0,6.0,3.0,7.0,4.0,5.0,1.0,2.0,6.0,3.0,5.0,4.0,7.0,1.0,2.0,6.0,3.0,4.0,5.0,7.0,1.0,3.0,6.0,4.0,5.0,2.0,7.0,1.0,2.0,6.0,3.0,4.0,5.0,7.0,1.0,2.0,6.0,4.0,7.0,5.0,3.0,1.0,5.0,6.0,4.0,3.0,2.0,7.0,1.0,2.0,4.0,3.0,7.0,5.0,6.0,1.0,3.0,4.0,1.0,5.0,7.0,6.0,2.0,1.0,3.0,2.0,5.0,7.0,6.0,4.0,4.0,5.0,3.0,2.0,7.0,6.0,1.0,4.0,5.0,2.0,3.0,7.0,6.0,1.0,2.0,6.0,5.0,4.0,3.0,7.0,1.0,5.0,3.0,1.0,6.0,4.0,7.0,2.0,It was easy,1.0,6.0,4.0,5.0,2.0,7.0,3.0,5.0,3.0,2.0,6.0,4.0,7.0,1.0,It was easy,5.0,7.0,3.0,4.0,2.0,6.0,1.0,1.0,5.0,7.0,3.0,4.0,6.0,2.0,5.0,4.0,2.0,6.0,3.0,7.0,1.0,3.0,6.0,2.0,7.0,4.0,5.0,1.0,6.0,5.0,2.0,3.0,4.0,7.0,1.0,3.0,4.0,1.0,5.0,7.0,6.0,2.0,3.0,4.0,2.0,6.0,5.0,7.0,1.0,7.0,5.0,2.0,4.0,3.0,6.0,1.0,7.0,4.0,2.0,5.0,3.0,6.0,1.0,2.0,3.0,4.0,6.0,5.0,7.0,1.0,3.0,5.0,2.0,4.0,6.0,7.0,1.0,2.0,5.0,3.0,6.0,4.0,7.0,1.0,3.0,6.0,1.0,7.0,4.0,5.0,2.0,3.0,6.0,2.0,5.0,4.0,7.0,1.0,2.0,4.0,3.0,7.0,6.0,5.0,1.0,2.0,6.0,3.0,5.0,4.0,7.0,1.0,2.0,4.0,6.0,7.0,3.0,5.0,1.0,3.0,4.0,2.0,6.0,7.0,5.0,1.0,2.0,6.0,3.0,5.0,4.0,7.0,1.0,4.0,6.0,2.0,5.0,3.0,7.0,1.0,2.0,4.0,5.0,3.0,6.0,7.0,1.0,5.0,4.0,1.0,6.0,3.0,7.0,2.0,3.0,4.0,1.0,7.0,5.0,6.0,2.0,7.0,1.0,2.0,5.0,3.0,6.0,4.0,2.0,5.0,1.0,6.0,4.0,7.0,3.0,4.0,6.0,1.0,3.0,5.0,7.0,2.0,3.0,6.0,1.0,5.0,4.0,7.0,2.0,2.0,6.0,4.0,5.0,3.0,7.0,1.0,3.0,7.0,2.0,4.0,6.0,5.0,1.0,6.0,5.0,2.0,4.0,3.0,7.0,1.0
2025-03-16 13:33,2025-03-16 14:58,IP Address,100,5104,TRUE,2025-03-16 14:58,anonymous,EN,P0108,5.0,3.0,1.0,7.0,6.0,4.0,2.0,2.0,6.0,3.0,5.0,4.0,7.0,1.0,2.0,6.0,5.0,4.0,3.0,7.0,1.0,1.0,5.0,3.0,6.0,4.0,7.0,2.0,5.0,7.0,1.0,4.0,3.0,6.0,2.0,1.0,4.0,3.0,7.0,5.0,6.0,2.0,4.0,1.0,2.0,5.0,6.0,7.0,3.0,2.0,6.0,3.0,4.0,5.0,7.0,1.0,6.0,5.0,1.0,7.0,2.0,4.0,3.0,2.0,7.0,4.0,6.0,3.0,5.0,1.0,4.0,7.0,2.0,6.0,3.0,1.0,5.0,3.0,4.0,2.0,6.0,7.0,5.0,1.0,6.0,1.0,3.0,4.0,5.0,7.0,2.0,5.0,6.0,4.0,2.0,3.0,7.0,1.0,2.0,4.0,1.0,5.0,6.0,7.0,3.0,7.0,2.0,5.0,4.0,1.0,6.0,3.0,7.0,5.0,2.0,1.0,6.0,4.0,3.0,7.0,3.0,5.0,4.0,2.0,1.0,6.0,It was easy,3.0,7.0,5.0,4.0,2.0,6.0,1.0,2.0,5.0,1.0,6.0,3.0,7.0,4.0,It was easy,5.0,6.0,7.0,3.0,1.0,4.0,2.0,5.0,2.0,7.0,4.0,3.0,6.0,1.0,2.0,4.0,7.0,3.0,5.0,6.0,1.0,4.0,7.0,1.0,6.0,3.0,5.0,2.0,4.0,6.0,2.0,5.0,3.0,7.0,1.0,6.0,3.0,7.0,2.0,5.0,4.0,1.0,5.0,2.0,6.0,3.0,4.0,7.0,1.0,7.0,5.0,3.0,2.0,1.0,6.0,4.0,5.0,1.0,7.0,4.0,2.0,6.0,3.0,5.0,3.0,4.0,6.0,2.0,7.0,1.0,4.0,5.0,2.0,7.0,3.0,6.0,1.0,2.0,7.0,3.0,1.0,6.0,5.0,4.0,3.0,6.0,2.0,5.0,4.0,7.0,1.0,3.0,5.0,2.0,4.0,6.0,7.0,1.0,1.0,4.0,2.0,7.0,6.0,5.0,3.0,7.0,4.0,6.0,3.0,2.0,5.0,1.0,4.0,5.0,7.0,3.0,2.0,6.0,1.0,5.0,6.0,4.0,7.0,2.0,1.0,3.0,2.0,1.0,5.0,4.0,3.0,7.0,6.0,2.0,7.0,3.0,5.0,6.0,4.0,1.0,1.0,6.0,5.0,4.0,3.0,7.0,2.0,2.0,5.0,7.0,4.0,3.0,6.0,1.0,1.0,6.0,7.0,2.0,4.0,3.0,5.0,6.0,5.0,1.0,3.0,2.0,7.0,4.0,7.0,5.0,3.0,2.0,1.0,4.0,6.0,6.0,5.0,2.0,1.0,4.0,7.0,3.0,4.0,6.0,3.0,1.0,7.0,5.0,2.0,5.0,6.0,4.0,1.0,2.0,7.0,3.0,2.0,3.0,6.0,5.0,4.0,7.0,1.0,7.0,5.0,6.0,4.0,3.0,2.0,1.0
2025-03-16 14:11,2025-03-16 14:58,IP Address,100,2829,TRUE,2025-03-16 14:59,anonymous,EN,P0063,2.0,6.0,3.0,4.0,5.0,7.0,1.0,5.0,1.0,6.0,2.0,3.0,4.0,7.0,1.0,5.0,6.0,4.0,3.0,7.0,2.0,4.0,6.0,1.0,5.0,3.0,7.0,2.0,1.0,6.0,3.0,5.0,4.0,7.0,2.0,1.0,7.0,2.0,5.0,4.0,6.0,3.0,2.0,3.0,5.0,4.0,6.0,7.0,1.0,3.0,4.0,2.0,7.0,6.0,5.0,1.0,3.0,5.0,6.0,4.0,2.0,7.0,1.0,2.0,6.0,3.0,5.0,4.0,7.0,1.0,6.0,7.0,3.0,1.0,4.0,5.0,2.0,2.0,5.0,4.0,7.0,1.0,6.0,3.0,5.0,4.0,2.0,3.0,1.0,7.0,6.0,2.0,3.0,4.0,7.0,5.0,6.0,1.0,3.0,6.0,2.0,5.0,4.0,7.0,1.0,6.0,5.0,1.0,7.0,4.0,3.0,2.0,1.0,6.0,4.0,5.0,3.0,7.0,2.0,2.0,6.0,3.0,5.0,4.0,7.0,1.0,It was easy,1.0,6.0,5.0,4.0,3.0,7.0,2.0,5.0,3.0,1.0,7.0,4.0,6.0,2.0,It was easy,3.0,1.0,6.0,5.0,4.0,7.0,2.0,2.0,4.0,3.0,6.0,5.0,7.0,1.0,2.0,4.0,6.0,5.0,3.0,7.0,1.0,2.0,6.0,3.0,7.0,4.0,5.0,1.0,4.0,6.0,2.0,5.0,3.0,7.0,1.0,2.0,4.0,3.0,6.0,5.0,7.0,1.0,1.0,3.0,7.0,5.0,4.0,6.0,2.0,3.0,6.0,4.0,2.0,1.0,7.0,5.0,2.0,5.0,6.0,4.0,3.0,7.0,1.0,2.0,6.0,5.0,4.0,1.0,7.0,3.0,2.0,6.0,3.0,5.0,4.0,7.0,1.0,4.0,3.0,2.0,5.0,6.0,7.0,1.0,3.0,7.0,2.0,5.0,6.0,4.0,1.0,3.0,6.0,2.0,4.0,5.0,7.0,1.0,1.0,6.0,2.0,5.0,4.0,7.0,3.0,3.0,7.0,4.0,5.0,2.0,6.0,1.0,6.0,4.0,7.0,5.0,3.0,1.0,2.0,2.0,1.0,6.0,5.0,3.0,4.0,7.0,2.0,6.0,4.0,3.0,1.0,7.0,5.0,2.0,7.0,5.0,4.0,3.0,6.0,1.0,3.0,6.0,2.0,5.0,4.0,7.0,1.0,4.0,5.0,6.0,2.0,3.0,7.0,1.0,4.0,5.0,6.0,2.0,1.0,7.0,3.0,1.0,4.0,6.0,3.0,2.0,7.0,5.0,3.0,6.0,2.0,5.0,1.0,7.0,4.0,4.0,7.0,3.0,5.0,2.0,6.0,1.0,6.0,4.0,1.0,7.0,3.0,5.0,2.0,2.0,5.0,1.0,6.0,4.0,7.0,3.0,2.0,6.0,3.0,5.0,4.0,7.0,1.0,3.0,6.0,2.0,5.0,4.0,7.0,1.0
2025-03-16 15:03,2025-03-16 15:31,IP Address,100,1673,TRUE,2025-03-16 15:31,anonymous,EN,P0106,1.0,5.0,3.0,2.0,6.0,7.0,4.0,2.0,7.0,4.0,3.0,5.0,6.0,1.0,4.0,6.0,3.0,5.0,1.0,7.0,2.0,2.0,6.0,5.0,4.0,3.0,7.0,1.0,1.0,7.0,2.0,3.0,4.0,6.0,5.0,2.0,3.0,4.0,5.0,6.0,7.0,1.0,2.0,6.0,3.0,4.0,5.0,7.0,1.0,5.0,7.0,4.0,2.0,1.0,6.0,3.0,2.0,6.0,3.0,4.0,5.0,7.0,1.0,2.0,6.0,3.0,5.0,4.0,7.0,1.0,5.0,6.0,4.0,2.0,3.0,7.0,1.0,1.0,4.0,6.0,7.0,5.0,3.0,2.0,2.0,3.0,6.0,5.0,4.0,7.0,1.0,4.0,1.0,5.0,2.0,3.0,7.0,6.0,3.0,5.0,2.0,6.0,4.0,7.0,1.0,4.0,6.0,2.0,7.0,3.0,5.0,1.0,2.0,6.0,3.0,4.0,5.0,7.0,1.0,3.0,6.0,1.0,5.0,4.0,7.0,2.0,It was easy,2.0,7.0,3.0,5.0,4.0,6.0,1.0,5.0,3.0,6.0,4.0,2.0,7.0,1.0,It was easy,2.0,6.0,4.0,7.0,3.0,1.0,5.0,2.0,7.0,6.0,3.0,5.0,4.0,1.0,2.0,6.0,4.0,5.0,3.0,7.0,1.0,2.0,5.0,6.0,4.0,3.0,7.0,1.0,6.0,5.0,2.0,4.0,3.0,7.0,1.0,1.0,7.0,2.0,6.0,5.0,4.0,3.0,1.0,5.0,6.0,4.0,2.0,7.0,3.0,7.0,5.0,2.0,4.0,3.0,6.0,1.0,5.0,3.0,2.0,6.0,4.0,7.0,1.0,2.0,6.0,3.0,4.0,5.0,7.0,1.0,7.0,2.0,5.0,3.0,4.0,6.0,1.0,5.0,6.0,2.0,4.0,3.0,7.0,1.0,3.0,6.0,2.0,5.0,4.0,7.0,1.0,2.0,6.0,3.0,5.0,4.0,7.0,1.0,7.0,3.0,4.0,6.0,1.0,5.0,2.0,2.0,6.0,5.0,4.0,3.0,7.0,1.0,3.0,4.0,7.0,5.0,2.0,6.0,1.0,3.0,6.0,4.0,5.0,1.0,7.0,2.0,3.0,6.0,1.0,2.0,4.0,5.0,7.0,2.0,6.0,3.0,7.0,4.0,5.0,1.0,3.0,6.0,5.0,2.0,4.0,7.0,1.0,5.0,7.0,4.0,2.0,3.0,6.0,1.0,1.0,7.0,5.0,6.0,3.0,2.0,4.0,7.0,4.0,1.0,3.0,2.0,5.0,6.0,5.0,6.0,1.0,3.0,4.0,7.0,2.0,2.0,6.0,5.0,3.0,4.0,7.0,1.0,1.0,3.0,5.0,4.0,2.0,7.0,6.0,1.0,5.0,6.0,3.0,2.0,7.0,4.0,2.0,3.0,4.0,5.0,6.0,7.0,1.0,2.0,6.0,4.0,5.0,3.0,7.0,1.0
2025-03-16 15:01,2025-03-16 15:59,IP Address,100,3490,TRUE,2025-03-16 15:59,anonymous,EN,P0107,1.0,6.0,5.0,3.0,2.0,7.0,4.0,2.0,6.0,3.0,4.0,5.0,7.0,1.0,4.0,6.0,5.0,3.0,1.0,7.0,2.0,1.0,5.0,6.0,4.0,2.0,7.0,3.0,5.0,7.0,3.0,2.0,1.0,4.0,6.0,2.0,6.0,3.0,4.0,5.0,7.0,1.0,4.0,6.0,5.0,3.0,2.0,7.0,1.0,4.0,6.0,2.0,3.0,7.0,5.0,1.0,3.0,5.0,7.0,2.0,1.0,6.0,4.0,2.0,5.0,7.0,4.0,3.0,6.0,1.0,7.0,4.0,3.0,2.0,5.0,6.0,1.0,4.0,6.0,7.0,5.0,3.0,2.0,1.0,7.0,5.0,4.0,3.0,2.0,6.0,1.0,1.0,7.0,3.0,2.0,6.0,4.0,5.0,7.0,1.0,3.0,2.0,4.0,5.0,6.0,5.0,7.0,4.0,3.0,2.0,6.0,1.0,3.0,4.0,1.0,5.0,7.0,6.0,2.0,4.0,7.0,2.0,6.0,3.0,5.0,1.0,It was easy,3.0,7.0,4.0,5.0,1.0,6.0,2.0,4.0,2.0,3.0,5.0,6.0,7.0,1.0,It was easy,5.0,2.0,7.0,4.0,3.0,6.0,1.0,3.0,6.0,2.0,5.0,4.0,7.0,1.0,5.0,4.0,2.0,6.0,3.0,7.0,1.0,2.0,5.0,7.0,4.0,3.0,6.0,1.0,6.0,5.0,2.0,4.0,3.0,7.0,1.0,3.0,6.0,1.0,5.0,4.0,7.0,2.0,2.0,5.0,4.0,6.0,3.0,7.0,1.0,6.0,3.0,5.0,2.0,4.0,7.0,1.0,3.0,7.0,2.0,1.0,5.0,6.0,4.0,3.0,6.0,2.0,5.0,4.0,7.0,1.0,3.0,4.0,2.0,6.0,5.0,7.0,1.0,2.0,5.0,7.0,3.0,6.0,4.0,1.0,5.0,6.0,2.0,4.0,3.0,7.0,1.0,2.0,6.0,3.0,5.0,4.0,7.0,1.0,4.0,5.0,7.0,3.0,1.0,6.0,2.0,2.0,3.0,7.0,6.0,5.0,4.0,1.0,5.0,2.0,7.0,3.0,6.0,4.0,1.0,5.0,7.0,3.0,2.0,6.0,4.0,1.0,2.0,6.0,5.0,4.0,3.0,7.0,1.0,2.0,6.0,3.0,5.0,4.0,7.0,1.0,2.0,4.0,6.0,3.0,7.0,5.0,1.0,7.0,5.0,2.0,4.0,3.0,6.0,1.0,6.0,5.0,2.0,3.0,4.0,7.0,1.0,2.0,6.0,4.0,5.0,3.0,7.0,1.0,3.0,4.0,2.0,6.0,5.0,7.0,1.0,4.0,6.0,1.0,5.0,3.0,7.0,2.0,4.0,6.0,1.0,3.0,5.0,7.0,2.0,3.0,6.0,2.0,5.0,4.0,7.0,1.0,6.0,4.0,5.0,3.0,1.0,7.0,2.0,3.0,7.0,2.0,5.0,4.0,6.0,1.0
2025-03-17 17:54,2025-03-17 18:08,IP Address,100,832,TRUE,2025-03-17 18:08,anonymous,EN,P0001,3.0,6.0,2.0,5.0,1.0,7.0,4.0,6.0,5.0,3.0,2.0,1.0,7.0,4.0,7.0,5.0,4.0,3.0,2.0,6.0,1.0,5.0,7.0,6.0,3.0,1.0,4.0,2.0,6.0,2.0,4.0,3.0,1.0,7.0,5.0,2.0,5.0,3.0,1.0,7.0,6.0,4.0,4.0,5.0,6.0,3.0,2.0,7.0,1.0,5.0,6.0,2.0,3.0,4.0,7.0,1.0,5.0,7.0,3.0,1.0,4.0,6.0,2.0,1.0,7.0,4.0,6.0,5.0,3.0,2.0,3.0,7.0,4.0,6.0,2.0,5.0,1.0,6.0,5.0,2.0,7.0,4.0,3.0,1.0,5.0,6.0,4.0,3.0,1.0,7.0,2.0,2.0,1.0,5.0,3.0,4.0,7.0,6.0,7.0,2.0,3.0,4.0,1.0,6.0,5.0,4.0,7.0,2.0,5.0,1.0,6.0,3.0,7.0,4.0,3.0,2.0,1.0,6.0,5.0,6.0,5.0,2.0,1.0,4.0,3.0,7.0,It was easy,5.0,7.0,1.0,3.0,4.0,6.0,2.0,2.0,6.0,3.0,4.0,5.0,7.0,1.0,It was easy,2.0,6.0,4.0,5.0,3.0,7.0,1.0,2.0,7.0,5.0,4.0,1.0,6.0,3.0,5.0,2.0,1.0,4.0,3.0,7.0,6.0,4.0,7.0,3.0,5.0,1.0,6.0,2.0,6.0,4.0,3.0,7.0,2.0,1.0,5.0,4.0,7.0,1.0,6.0,3.0,5.0,2.0,6.0,4.0,1.0,5.0,2.0,7.0,3.0,4.0,3.0,1.0,2.0,6.0,7.0,5.0,3.0,5.0,1.0,4.0,6.0,7.0,2.0,2.0,7.0,1.0,4.0,6.0,5.0,3.0,6.0,1.0,3.0,2.0,5.0,4.0,7.0,5.0,6.0,1.0,4.0,2.0,7.0,3.0,7.0,5.0,2.0,4.0,1.0,6.0,3.0,1.0,6.0,3.0,5.0,4.0,7.0,2.0,4.0,5.0,7.0,2.0,1.0,6.0,3.0,6.0,2.0,1.0,5.0,3.0,7.0,4.0,2.0,7.0,4.0,3.0,1.0,5.0,6.0,3.0,6.0,2.0,1.0,7.0,5.0,4.0,6.0,4.0,5.0,1.0,2.0,7.0,3.0,6.0,7.0,2.0,5.0,1.0,4.0,3.0,4.0,2.0,1.0,5.0,3.0,7.0,6.0,6.0,4.0,2.0,3.0,1.0,7.0,5.0,7.0,3.0,1.0,6.0,5.0,4.0,2.0,6.0,4.0,1.0,3.0,2.0,5.0,7.0,2.0,3.0,4.0,5.0,6.0,7.0,1.0,4.0,7.0,1.0,5.0,2.0,6.0,3.0,6.0,3.0,4.0,2.0,1.0,7.0,5.0,1.0,6.0,2.0,5.0,4.0,7.0,3.0,4.0,2.0,1.0,6.0,5.0,7.0,3.0,2.0,6.0,4.0,5.0,3.0,7.0,1.0
2025-03-17 18:02,2025-03-17 18:11,IP Address,100,571,TRUE,2025-03-17 18:11,anonymous,EN,P0010,6.0,3.0,4.0,2.0,1.0,7.0,5.0,2.0,5.0,3.0,4.0,1.0,6.0,7.0,2.0,6.0,3.0,4.0,5.0,7.0,1.0,3.0,4.0,7.0,2.0,1.0,5.0,6.0,3.0,5.0,7.0,2.0,1.0,4.0,6.0,5.0,7.0,6.0,2.0,3.0,1.0,4.0,1.0,6.0,7.0,3.0,5.0,4.0,2.0,2.0,6.0,3.0,5.0,4.0,7.0,1.0,4.0,7.0,1.0,2.0,5.0,3.0,6.0,3.0,5.0,6.0,2.0,1.0,7.0,4.0,3.0,6.0,4.0,2.0,5.0,7.0,1.0,6.0,5.0,3.0,2.0,1.0,4.0,7.0,2.0,6.0,1.0,5.0,3.0,7.0,4.0,1.0,7.0,2.0,4.0,5.0,3.0,6.0,1.0,3.0,4.0,7.0,6.0,5.0,2.0,3.0,6.0,4.0,2.0,1.0,7.0,5.0,4.0,6.0,3.0,1.0,2.0,7.0,5.0,4.0,6.0,3.0,2.0,1.0,7.0,5.0,It was easy,1.0,6.0,3.0,4.0,5.0,7.0,2.0,2.0,6.0,4.0,5.0,3.0,7.0,1.0,It was easy,4.0,5.0,7.0,1.0,2.0,6.0,3.0,5.0,3.0,2.0,1.0,4.0,7.0,6.0,5.0,4.0,6.0,3.0,2.0,7.0,1.0,1.0,7.0,6.0,2.0,5.0,4.0,3.0,5.0,6.0,1.0,3.0,2.0,7.0,4.0,2.0,5.0,1.0,4.0,3.0,7.0,6.0,5.0,4.0,2.0,7.0,1.0,6.0,3.0,7.0,4.0,6.0,3.0,2.0,5.0,1.0,5.0,4.0,2.0,1.0,3.0,7.0,6.0,3.0,6.0,4.0,2.0,1.0,5.0,7.0,6.0,2.0,7.0,4.0,5.0,3.0,1.0,4.0,5.0,1.0,3.0,2.0,6.0,7.0,2.0,6.0,5.0,1.0,3.0,4.0,7.0,2.0,6.0,4.0,7.0,1.0,5.0,3.0,4.0,7.0,2.0,6.0,1.0,3.0,5.0,4.0,2.0,1.0,3.0,5.0,7.0,6.0,4.0,7.0,1.0,2.0,3.0,6.0,5.0,7.0,5.0,1.0,4.0,2.0,6.0,3.0,3.0,6.0,2.0,4.0,7.0,5.0,1.0,2.0,7.0,6.0,3.0,1.0,5.0,4.0,7.0,3.0,6.0,5.0,1.0,2.0,4.0,6.0,3.0,5.0,2.0,1.0,4.0,7.0,5.0,7.0,6.0,2.0,1.0,4.0,3.0,4.0,2.0,7.0,3.0,1.0,6.0,5.0,2.0,3.0,7.0,5.0,1.0,6.0,4.0,2.0,6.0,4.0,5.0,1.0,7.0,3.0,6.0,5.0,3.0,4.0,2.0,7.0,1.0,5.0,4.0,1.0,3.0,2.0,6.0,7.0,3.0,1.0,7.0,4.0,2.0,5.0,6.0,2.0,4.0,7.0,3.0,1.0,5.0,6.0
2025-03-17 17:58,2025-03-17 18:14,IP Address,100,988,TRUE,2025-03-17 18:14,anonymous,EN,P0004,2.0,6.0,3.0,4.0,5.0,7.0,1.0,1.0,3.0,6.0,2.0,4.0,7.0,5.0,4.0,1.0,7.0,2.0,5.0,6.0,3.0,1.0,2.0,3.0,5.0,6.0,7.0,4.0,6.0,4.0,3.0,5.0,1.0,7.0,2.0,1.0,5.0,7.0,4.0,3.0,6.0,2.0,5.0,7.0,4.0,1.0,2.0,6.0,3.0,2.0,6.0,3.0,4.0,5.0,7.0,1.0,6.0,4.0,5.0,2.0,1.0,7.0,3.0,6.0,4.0,5.0,7.0,1.0,3.0,2.0,6.0,3.0,1.0,7.0,4.0,5.0,2.0,4.0,5.0,2.0,3.0,1.0,7.0,6.0,4.0,6.0,2.0,3.0,1.0,5.0,7.0,1.0,6.0,3.0,5.0,4.0,7.0,2.0,1.0,4.0,3.0,7.0,2.0,6.0,5.0,6.0,4.0,7.0,1.0,5.0,3.0,2.0,6.0,4.0,3.0,2.0,1.0,7.0,5.0,2.0,7.0,1.0,6.0,5.0,4.0,3.0,It was easy,3.0,7.0,4.0,5.0,2.0,6.0,1.0,5.0,7.0,1.0,6.0,2.0,4.0,3.0,It was easy,3.0,5.0,2.0,6.0,4.0,7.0,1.0,5.0,3.0,2.0,1.0,6.0,4.0,7.0,7.0,4.0,2.0,3.0,1.0,6.0,5.0,7.0,4.0,1.0,3.0,2.0,5.0,6.0,1.0,3.0,5.0,2.0,4.0,6.0,7.0,1.0,3.0,2.0,6.0,4.0,5.0,7.0,4.0,5.0,6.0,2.0,1.0,3.0,7.0,1.0,7.0,3.0,6.0,2.0,5.0,4.0,7.0,2.0,4.0,6.0,1.0,3.0,5.0,4.0,3.0,7.0,2.0,1.0,5.0,6.0,7.0,1.0,5.0,4.0,3.0,6.0,2.0,1.0,2.0,5.0,6.0,4.0,7.0,3.0,3.0,6.0,5.0,7.0,1.0,2.0,4.0,3.0,6.0,7.0,5.0,1.0,2.0,4.0,3.0,5.0,1.0,4.0,2.0,7.0,6.0,4.0,7.0,1.0,5.0,2.0,6.0,3.0,3.0,6.0,5.0,7.0,2.0,1.0,4.0,4.0,2.0,1.0,3.0,5.0,7.0,6.0,3.0,1.0,4.0,2.0,5.0,7.0,6.0,2.0,5.0,1.0,7.0,3.0,4.0,6.0,3.0,6.0,2.0,5.0,4.0,7.0,1.0,5.0,2.0,1.0,6.0,4.0,7.0,3.0,5.0,1.0,7.0,3.0,2.0,4.0,6.0,2.0,7.0,1.0,4.0,6.0,5.0,3.0,4.0,5.0,2.0,3.0,1.0,6.0,7.0,4.0,6.0,2.0,5.0,3.0,7.0,1.0,4.0,2.0,6.0,1.0,3.0,7.0,5.0,6.0,5.0,1.0,3.0,2.0,7.0,4.0,4.0,3.0,2.0,7.0,6.0,5.0,1.0,3.0,5.0,7.0,4.0,2.0,6.0,1.0
2025-03-17 18:00,2025-03-17 18:16,IP Address,100,992,TRUE,2025-03-17 18:16,anonymous,EN,P0008,2.0,5.0,6.0,4.0,1.0,3.0,7.0,2.0,6.0,3.0,4.0,5.0,7.0,1.0,5.0,6.0,1.0,3.0,2.0,7.0,4.0,1.0,6.0,2.0,7.0,5.0,3.0,4.0,3.0,4.0,6.0,1.0,2.0,7.0,5.0,1.0,6.0,5.0,4.0,2.0,7.0,3.0,7.0,1.0,2.0,3.0,6.0,5.0,4.0,1.0,4.0,5.0,7.0,3.0,6.0,2.0,1.0,4.0,6.0,2.0,5.0,3.0,7.0,2.0,6.0,3.0,4.0,5.0,7.0,1.0,2.0,6.0,4.0,5.0,1.0,7.0,3.0,2.0,6.0,3.0,1.0,7.0,5.0,4.0,6.0,7.0,2.0,1.0,5.0,3.0,4.0,2.0,3.0,7.0,6.0,5.0,4.0,1.0,6.0,7.0,5.0,1.0,2.0,4.0,3.0,7.0,5.0,1.0,4.0,3.0,6.0,2.0,5.0,7.0,6.0,1.0,4.0,2.0,3.0,7.0,1.0,5.0,2.0,4.0,3.0,6.0,It was easy,1.0,6.0,3.0,5.0,4.0,7.0,2.0,5.0,7.0,4.0,2.0,1.0,6.0,3.0,It was easy,3.0,6.0,1.0,5.0,2.0,4.0,7.0,2.0,4.0,5.0,3.0,1.0,7.0,6.0,2.0,4.0,5.0,3.0,1.0,7.0,6.0,7.0,6.0,3.0,2.0,4.0,5.0,1.0,5.0,4.0,3.0,2.0,1.0,6.0,7.0,6.0,4.0,7.0,1.0,3.0,5.0,2.0,6.0,3.0,4.0,2.0,1.0,7.0,5.0,6.0,7.0,3.0,4.0,2.0,1.0,5.0,3.0,6.0,1.0,5.0,2.0,7.0,4.0,2.0,7.0,5.0,4.0,3.0,6.0,1.0,1.0,2.0,7.0,4.0,5.0,3.0,6.0,2.0,4.0,3.0,1.0,6.0,7.0,5.0,6.0,5.0,4.0,2.0,1.0,7.0,3.0,5.0,4.0,3.0,6.0,2.0,7.0,1.0,6.0,3.0,7.0,2.0,1.0,4.0,5.0,2.0,4.0,6.0,3.0,1.0,5.0,7.0,2.0,3.0,1.0,5.0,4.0,7.0,6.0,4.0,5.0,3.0,2.0,1.0,7.0,6.0,4.0,3.0,5.0,1.0,6.0,7.0,2.0,5.0,7.0,1.0,2.0,3.0,4.0,6.0,1.0,3.0,4.0,5.0,2.0,7.0,6.0,3.0,7.0,6.0,1.0,2.0,5.0,4.0,7.0,3.0,2.0,1.0,6.0,4.0,5.0,3.0,5.0,4.0,2.0,1.0,6.0,7.0,5.0,6.0,2.0,1.0,3.0,4.0,7.0,5.0,6.0,1.0,4.0,2.0,7.0,3.0,3.0,2.0,1.0,4.0,6.0,7.0,5.0,5.0,3.0,6.0,1.0,2.0,7.0,4.0,2.0,6.0,4.0,5.0,3.0,7.0,1.0,2.0,6.0,4.0,5.0,3.0,7.0,1.0
2025-03-17 18:10,2025-03-17 18:19,IP Address,100,550,TRUE,2025-03-17 18:19,anonymous,EN,P0028,3.0,4.0,5.0,2.0,1.0,7.0,6.0,3.0,6.0,7.0,4.0,2.0,5.0,1.0,3.0,4.0,2.0,5.0,6.0,7.0,1.0,3.0,6.0,2.0,4.0,7.0,5.0,1.0,1.0,4.0,3.0,5.0,6.0,7.0,2.0,4.0,7.0,2.0,3.0,5.0,6.0,1.0,2.0,6.0,3.0,4.0,5.0,7.0,1.0,5.0,2.0,1.0,4.0,6.0,7.0,3.0,3.0,6.0,4.0,7.0,1.0,5.0,2.0,3.0,7.0,6.0,2.0,5.0,4.0,1.0,3.0,5.0,6.0,2.0,4.0,7.0,1.0,3.0,6.0,1.0,5.0,4.0,7.0,2.0,7.0,5.0,4.0,2.0,3.0,6.0,1.0,3.0,6.0,1.0,7.0,2.0,5.0,4.0,6.0,4.0,1.0,5.0,3.0,2.0,7.0,7.0,2.0,4.0,5.0,3.0,6.0,1.0,4.0,7.0,2.0,3.0,1.0,5.0,6.0,3.0,6.0,4.0,2.0,1.0,5.0,7.0,It was easy,2.0,5.0,4.0,6.0,3.0,7.0,1.0,1.0,5.0,2.0,4.0,3.0,7.0,6.0,It was easy,4.0,7.0,6.0,3.0,2.0,5.0,1.0,5.0,4.0,7.0,2.0,1.0,6.0,3.0,2.0,4.0,7.0,5.0,3.0,6.0,1.0,7.0,4.0,5.0,3.0,2.0,6.0,1.0,1.0,4.0,6.0,3.0,2.0,7.0,5.0,6.0,2.0,1.0,3.0,5.0,7.0,4.0,7.0,3.0,1.0,2.0,4.0,6.0,5.0,1.0,5.0,3.0,4.0,7.0,6.0,2.0,4.0,3.0,6.0,1.0,7.0,5.0,2.0,4.0,5.0,7.0,3.0,1.0,6.0,2.0,6.0,7.0,3.0,1.0,4.0,2.0,5.0,6.0,1.0,4.0,5.0,3.0,7.0,2.0,2.0,5.0,3.0,4.0,1.0,6.0,7.0,5.0,4.0,7.0,6.0,3.0,2.0,1.0,1.0,7.0,3.0,6.0,4.0,5.0,2.0,3.0,7.0,5.0,2.0,6.0,4.0,1.0,7.0,5.0,3.0,4.0,2.0,6.0,1.0,3.0,2.0,5.0,6.0,4.0,7.0,1.0,5.0,4.0,1.0,3.0,7.0,6.0,2.0,2.0,4.0,5.0,6.0,3.0,7.0,1.0,2.0,4.0,1.0,5.0,7.0,6.0,3.0,2.0,7.0,5.0,4.0,3.0,1.0,6.0,1.0,5.0,7.0,4.0,2.0,6.0,3.0,1.0,3.0,4.0,7.0,5.0,6.0,2.0,4.0,3.0,7.0,5.0,2.0,6.0,1.0,5.0,6.0,7.0,1.0,4.0,2.0,3.0,5.0,7.0,1.0,2.0,3.0,6.0,4.0,3.0,4.0,7.0,6.0,2.0,5.0,1.0,3.0,4.0,1.0,5.0,7.0,6.0,2.0,2.0,7.0,5.0,3.0,4.0,6.0,1.0
2025-03-17 18:07,2025-03-17 18:23,IP Address,100,963,TRUE,2025-03-17 18:23,anonymous,EN,P0015,7.0,1.0,4.0,2.0,3.0,6.0,5.0,5.0,7.0,2.0,1.0,3.0,4.0,6.0,4.0,5.0,2.0,7.0,3.0,6.0,1.0,3.0,4.0,5.0,7.0,2.0,6.0,1.0,5.0,4.0,7.0,2.0,1.0,6.0,3.0,1.0,7.0,2.0,6.0,5.0,4.0,3.0,6.0,4.0,3.0,2.0,1.0,7.0,5.0,3.0,2.0,6.0,5.0,1.0,7.0,4.0,3.0,4.0,2.0,7.0,1.0,6.0,5.0,2.0,5.0,6.0,4.0,1.0,7.0,3.0,5.0,7.0,3.0,2.0,1.0,4.0,6.0,7.0,1.0,2.0,3.0,4.0,5.0,6.0,4.0,7.0,6.0,3.0,2.0,5.0,1.0,7.0,3.0,5.0,4.0,1.0,2.0,6.0,6.0,5.0,4.0,3.0,1.0,7.0,2.0,6.0,3.0,4.0,7.0,2.0,1.0,5.0,7.0,5.0,2.0,3.0,1.0,6.0,4.0,7.0,6.0,3.0,4.0,2.0,1.0,5.0,It was easy,2.0,6.0,3.0,5.0,4.0,7.0,1.0,6.0,7.0,3.0,2.0,1.0,4.0,5.0,It was easy,1.0,5.0,7.0,3.0,2.0,6.0,4.0,7.0,4.0,1.0,3.0,2.0,6.0,5.0,4.0,6.0,3.0,7.0,2.0,5.0,1.0,3.0,5.0,1.0,4.0,2.0,6.0,7.0,2.0,3.0,4.0,1.0,7.0,6.0,5.0,3.0,5.0,2.0,6.0,1.0,4.0,7.0,3.0,6.0,7.0,1.0,4.0,5.0,2.0,1.0,4.0,7.0,3.0,2.0,5.0,6.0,4.0,6.0,5.0,3.0,1.0,7.0,2.0,7.0,4.0,6.0,2.0,1.0,5.0,3.0,4.0,5.0,2.0,3.0,1.0,6.0,7.0,6.0,3.0,5.0,2.0,1.0,7.0,4.0,4.0,6.0,5.0,1.0,3.0,7.0,2.0,7.0,4.0,6.0,1.0,5.0,3.0,2.0,2.0,5.0,3.0,4.0,1.0,7.0,6.0,3.0,5.0,2.0,6.0,1.0,4.0,7.0,2.0,1.0,6.0,4.0,3.0,7.0,5.0,4.0,6.0,7.0,1.0,2.0,5.0,3.0,5.0,2.0,3.0,7.0,1.0,6.0,4.0,7.0,3.0,2.0,5.0,1.0,6.0,4.0,2.0,1.0,4.0,3.0,5.0,6.0,7.0,1.0,5.0,7.0,2.0,4.0,3.0,6.0,5.0,4.0,7.0,6.0,2.0,3.0,1.0,3.0,7.0,2.0,4.0,1.0,5.0,6.0,3.0,6.0,4.0,5.0,1.0,7.0,2.0,2.0,4.0,5.0,1.0,3.0,7.0,6.0,5.0,7.0,2.0,6.0,1.0,4.0,3.0,7.0,5.0,1.0,4.0,2.0,6.0,3.0,2.0,6.0,7.0,1.0,4.0,5.0,3.0,6.0,5.0,4.0,2.0,1.0,7.0,3.0
2025-03-17 18:13,2025-03-17 18:23,IP Address,100,602,TRUE,2025-03-17 18:23,anonymous,EN,P0043,6.0,7.0,4.0,3.0,1.0,5.0,2.0,5.0,2.0,4.0,6.0,1.0,7.0,3.0,3.0,7.0,2.0,4.0,6.0,5.0,1.0,3.0,4.0,6.0,7.0,2.0,5.0,1.0,6.0,7.0,2.0,3.0,4.0,5.0,1.0,3.0,7.0,4.0,2.0,1.0,6.0,5.0,4.0,3.0,1.0,7.0,6.0,5.0,2.0,6.0,3.0,2.0,4.0,1.0,5.0,7.0,5.0,6.0,7.0,3.0,2.0,4.0,1.0,2.0,3.0,5.0,6.0,4.0,7.0,1.0,7.0,5.0,1.0,4.0,3.0,6.0,2.0,4.0,6.0,1.0,5.0,3.0,7.0,2.0,7.0,6.0,5.0,3.0,2.0,4.0,1.0,4.0,5.0,7.0,2.0,1.0,6.0,3.0,6.0,4.0,3.0,2.0,1.0,5.0,7.0,7.0,1.0,6.0,4.0,2.0,5.0,3.0,3.0,5.0,4.0,6.0,1.0,7.0,2.0,2.0,7.0,4.0,6.0,1.0,5.0,3.0,It was easy,2.0,7.0,1.0,5.0,4.0,6.0,3.0,2.0,6.0,4.0,5.0,3.0,7.0,1.0,It was easy,3.0,2.0,6.0,5.0,1.0,7.0,4.0,7.0,6.0,3.0,2.0,4.0,5.0,1.0,1.0,6.0,7.0,4.0,2.0,5.0,3.0,5.0,4.0,2.0,3.0,1.0,6.0,7.0,7.0,5.0,2.0,4.0,3.0,6.0,1.0,3.0,7.0,2.0,4.0,5.0,6.0,1.0,2.0,5.0,6.0,3.0,1.0,4.0,7.0,7.0,3.0,4.0,2.0,1.0,5.0,6.0,3.0,7.0,5.0,6.0,1.0,4.0,2.0,5.0,7.0,6.0,1.0,4.0,2.0,3.0,7.0,5.0,3.0,4.0,1.0,6.0,2.0,7.0,5.0,6.0,4.0,1.0,2.0,3.0,1.0,5.0,7.0,2.0,4.0,3.0,6.0,4.0,6.0,5.0,2.0,1.0,7.0,3.0,2.0,1.0,5.0,6.0,4.0,7.0,3.0,4.0,6.0,5.0,2.0,1.0,7.0,3.0,3.0,5.0,7.0,4.0,1.0,6.0,2.0,1.0,5.0,6.0,2.0,3.0,7.0,4.0,5.0,1.0,7.0,2.0,3.0,6.0,4.0,4.0,2.0,5.0,6.0,3.0,7.0,1.0,4.0,7.0,2.0,6.0,3.0,5.0,1.0,4.0,5.0,7.0,3.0,2.0,6.0,1.0,7.0,6.0,2.0,3.0,5.0,4.0,1.0,3.0,4.0,5.0,2.0,1.0,6.0,7.0,3.0,6.0,2.0,5.0,1.0,7.0,4.0,7.0,5.0,1.0,3.0,2.0,6.0,4.0,3.0,4.0,2.0,1.0,6.0,5.0,7.0,3.0,2.0,6.0,5.0,1.0,7.0,4.0,3.0,5.0,6.0,7.0,2.0,1.0,4.0,2.0,6.0,4.0,5.0,3.0,7.0,1.0
2025-03-17 18:08,2025-03-17 18:23,IP Address,100,901,TRUE,2025-03-17 18:23,anonymous,EN,P0022,3.0,4.0,2.0,6.0,5.0,7.0,1.0,2.0,5.0,3.0,4.0,6.0,7.0,1.0,2.0,4.0,3.0,5.0,6.0,7.0,1.0,2.0,5.0,3.0,7.0,4.0,6.0,1.0,3.0,4.0,2.0,6.0,5.0,7.0,1.0,1.0,4.0,2.0,6.0,3.0,5.0,7.0,4.0,6.0,1.0,5.0,3.0,7.0,2.0,4.0,7.0,1.0,5.0,2.0,6.0,3.0,2.0,6.0,1.0,5.0,4.0,7.0,3.0,3.0,7.0,2.0,6.0,5.0,4.0,1.0,7.0,6.0,4.0,3.0,2.0,5.0,1.0,1.0,5.0,3.0,7.0,4.0,6.0,2.0,5.0,6.0,2.0,1.0,3.0,7.0,4.0,2.0,4.0,1.0,6.0,5.0,7.0,3.0,1.0,5.0,3.0,7.0,4.0,6.0,2.0,2.0,4.0,3.0,5.0,7.0,6.0,1.0,2.0,5.0,1.0,4.0,7.0,6.0,3.0,7.0,4.0,1.0,3.0,6.0,5.0,2.0,It was easy,2.0,6.0,3.0,4.0,5.0,7.0,1.0,7.0,4.0,1.0,6.0,3.0,5.0,2.0,It was easy,1.0,5.0,7.0,4.0,3.0,6.0,2.0,1.0,4.0,2.0,5.0,6.0,7.0,3.0,4.0,7.0,1.0,2.0,5.0,6.0,3.0,5.0,7.0,1.0,3.0,4.0,6.0,2.0,2.0,7.0,1.0,4.0,5.0,6.0,3.0,2.0,5.0,6.0,3.0,1.0,7.0,4.0,3.0,6.0,1.0,5.0,4.0,7.0,2.0,2.0,5.0,3.0,1.0,6.0,7.0,4.0,2.0,3.0,6.0,5.0,4.0,7.0,1.0,3.0,4.0,1.0,7.0,5.0,6.0,2.0,2.0,5.0,1.0,7.0,4.0,6.0,3.0,2.0,6.0,4.0,5.0,3.0,7.0,1.0,1.0,6.0,2.0,4.0,3.0,7.0,5.0,3.0,6.0,4.0,5.0,1.0,7.0,2.0,1.0,3.0,5.0,6.0,4.0,7.0,2.0,1.0,6.0,3.0,5.0,4.0,7.0,2.0,3.0,4.0,1.0,5.0,7.0,6.0,2.0,2.0,6.0,3.0,5.0,4.0,7.0,1.0,3.0,6.0,4.0,5.0,2.0,7.0,1.0,1.0,6.0,5.0,3.0,4.0,7.0,2.0,2.0,6.0,3.0,5.0,4.0,7.0,1.0,2.0,4.0,5.0,7.0,3.0,6.0,1.0,1.0,7.0,3.0,5.0,4.0,6.0,2.0,3.0,7.0,6.0,2.0,4.0,5.0,1.0,1.0,6.0,4.0,5.0,3.0,7.0,2.0,4.0,6.0,2.0,5.0,3.0,7.0,1.0,2.0,5.0,1.0,4.0,7.0,6.0,3.0,2.0,6.0,3.0,5.0,4.0,7.0,1.0,2.0,6.0,1.0,5.0,3.0,7.0,4.0,2.0,7.0,4.0,6.0,5.0,3.0,1.0
2025-03-17 18:02,2025-03-17 18:23,IP Address,100,1294,TRUE,2025-03-17 18:23,anonymous,EN,P0012,5.0,7.0,4.0,3.0,1.0,2.0,6.0,2.0,6.0,4.0,5.0,3.0,7.0,1.0,3.0,5.0,7.0,4.0,1.0,6.0,2.0,6.0,4.0,5.0,3.0,1.0,7.0,2.0,2.0,6.0,3.0,4.0,5.0,7.0,1.0,5.0,3.0,6.0,2.0,1.0,7.0,4.0,1.0,2.0,4.0,3.0,5.0,7.0,6.0,7.0,5.0,2.0,4.0,1.0,6.0,3.0,2.0,6.0,3.0,5.0,4.0,7.0,1.0,2.0,7.0,4.0,3.0,1.0,5.0,6.0,3.0,5.0,7.0,1.0,4.0,6.0,2.0,5.0,6.0,2.0,1.0,3.0,7.0,4.0,5.0,7.0,1.0,3.0,2.0,4.0,6.0,5.0,2.0,6.0,1.0,4.0,7.0,3.0,6.0,5.0,1.0,4.0,3.0,2.0,7.0,5.0,4.0,2.0,1.0,3.0,6.0,7.0,2.0,7.0,1.0,4.0,3.0,6.0,5.0,1.0,5.0,6.0,7.0,4.0,2.0,3.0,It was easy,1.0,7.0,3.0,4.0,2.0,6.0,5.0,1.0,4.0,5.0,7.0,3.0,2.0,6.0,It was easy,4.0,5.0,6.0,1.0,2.0,7.0,3.0,4.0,5.0,3.0,2.0,1.0,7.0,6.0,1.0,6.0,2.0,7.0,3.0,4.0,5.0,4.0,3.0,1.0,5.0,6.0,7.0,2.0,4.0,3.0,7.0,5.0,1.0,2.0,6.0,6.0,4.0,5.0,3.0,1.0,7.0,2.0,1.0,5.0,7.0,2.0,3.0,6.0,4.0,2.0,3.0,5.0,7.0,1.0,4.0,6.0,4.0,3.0,2.0,7.0,1.0,6.0,5.0,5.0,6.0,4.0,1.0,2.0,7.0,3.0,5.0,7.0,2.0,1.0,6.0,4.0,3.0,1.0,3.0,4.0,6.0,7.0,5.0,2.0,4.0,3.0,2.0,6.0,1.0,7.0,5.0,3.0,1.0,5.0,7.0,2.0,6.0,4.0,7.0,4.0,3.0,2.0,1.0,5.0,6.0,3.0,5.0,1.0,4.0,2.0,7.0,6.0,6.0,7.0,1.0,4.0,3.0,2.0,5.0,5.0,3.0,7.0,2.0,1.0,4.0,6.0,3.0,6.0,7.0,1.0,2.0,4.0,5.0,1.0,6.0,7.0,3.0,5.0,4.0,2.0,7.0,5.0,1.0,3.0,2.0,6.0,4.0,7.0,4.0,2.0,5.0,1.0,6.0,3.0,4.0,3.0,6.0,2.0,1.0,7.0,5.0,6.0,4.0,7.0,2.0,3.0,1.0,5.0,7.0,4.0,2.0,3.0,1.0,6.0,5.0,7.0,6.0,2.0,3.0,1.0,4.0,5.0,2.0,6.0,5.0,3.0,1.0,7.0,4.0,1.0,4.0,5.0,3.0,2.0,7.0,6.0,1.0,7.0,4.0,2.0,5.0,3.0,6.0,2.0,6.0,4.0,5.0,3.0,7.0,1.0
2025-03-17 17:59,2025-03-17 18:25,IP Address,100,1553,TRUE,2025-03-17 18:25,anonymous,EN,P0007,1.0,6.0,5.0,3.0,4.0,7.0,2.0,3.0,5.0,1.0,6.0,4.0,7.0,2.0,2.0,4.0,3.0,5.0,7.0,6.0,1.0,2.0,4.0,6.0,5.0,3.0,7.0,1.0,2.0,5.0,3.0,6.0,4.0,7.0,1.0,3.0,6.0,4.0,2.0,7.0,5.0,1.0,3.0,4.0,2.0,6.0,5.0,7.0,1.0,5.0,3.0,4.0,7.0,2.0,6.0,1.0,4.0,6.0,7.0,3.0,2.0,5.0,1.0,2.0,6.0,3.0,5.0,4.0,7.0,1.0,3.0,6.0,2.0,5.0,4.0,7.0,1.0,3.0,2.0,4.0,6.0,5.0,7.0,1.0,2.0,6.0,1.0,5.0,4.0,7.0,3.0,1.0,6.0,3.0,5.0,4.0,7.0,2.0,1.0,4.0,2.0,5.0,6.0,7.0,3.0,1.0,6.0,2.0,4.0,5.0,7.0,3.0,3.0,5.0,4.0,1.0,6.0,7.0,2.0,2.0,6.0,1.0,4.0,5.0,7.0,3.0,It was easy,1.0,7.0,3.0,5.0,4.0,6.0,2.0,2.0,6.0,4.0,5.0,3.0,7.0,1.0,It was easy,1.0,4.0,5.0,7.0,2.0,6.0,3.0,3.0,5.0,1.0,4.0,6.0,7.0,2.0,2.0,6.0,5.0,4.0,3.0,7.0,1.0,1.0,4.0,5.0,7.0,3.0,6.0,2.0,3.0,6.0,2.0,5.0,4.0,7.0,1.0,3.0,5.0,1.0,7.0,4.0,6.0,2.0,5.0,6.0,2.0,3.0,1.0,7.0,4.0,2.0,6.0,5.0,4.0,1.0,7.0,3.0,3.0,5.0,6.0,7.0,2.0,1.0,4.0,2.0,5.0,7.0,1.0,6.0,4.0,3.0,4.0,6.0,3.0,2.0,5.0,7.0,1.0,1.0,6.0,4.0,2.0,3.0,7.0,5.0,1.0,6.0,2.0,5.0,4.0,7.0,3.0,2.0,6.0,3.0,5.0,4.0,7.0,1.0,4.0,5.0,3.0,2.0,1.0,7.0,6.0,3.0,7.0,5.0,1.0,2.0,6.0,4.0,2.0,5.0,7.0,6.0,1.0,3.0,4.0,4.0,2.0,5.0,6.0,1.0,7.0,3.0,4.0,6.0,7.0,1.0,3.0,5.0,2.0,3.0,6.0,2.0,4.0,5.0,7.0,1.0,3.0,6.0,1.0,4.0,5.0,7.0,2.0,5.0,6.0,2.0,4.0,3.0,7.0,1.0,5.0,4.0,6.0,2.0,1.0,7.0,3.0,1.0,6.0,3.0,4.0,2.0,7.0,5.0,4.0,5.0,2.0,3.0,1.0,7.0,6.0,7.0,6.0,3.0,2.0,4.0,5.0,1.0,7.0,2.0,1.0,5.0,3.0,6.0,4.0,3.0,6.0,1.0,4.0,2.0,7.0,5.0,1.0,6.0,3.0,5.0,4.0,7.0,2.0,4.0,5.0,3.0,6.0,2.0,7.0,1.0
2025-03-17 18:06,2025-03-17 18:27,IP Address,100,1225,TRUE,2025-03-17 18:27,anonymous,EN,P0014,3.0,7.0,1.0,4.0,5.0,6.0,2.0,3.0,6.0,2.0,7.0,5.0,4.0,1.0,2.0,4.0,3.0,5.0,7.0,6.0,1.0,3.0,5.0,2.0,7.0,6.0,4.0,1.0,2.0,6.0,1.0,5.0,4.0,7.0,3.0,2.0,5.0,4.0,7.0,1.0,6.0,3.0,2.0,5.0,6.0,1.0,4.0,7.0,3.0,1.0,6.0,5.0,7.0,4.0,2.0,3.0,2.0,6.0,3.0,7.0,4.0,5.0,1.0,2.0,6.0,3.0,7.0,5.0,4.0,1.0,3.0,5.0,6.0,4.0,2.0,7.0,1.0,1.0,5.0,6.0,4.0,3.0,7.0,2.0,4.0,6.0,2.0,1.0,3.0,7.0,5.0,1.0,5.0,3.0,7.0,2.0,6.0,4.0,3.0,4.0,2.0,6.0,5.0,7.0,1.0,5.0,6.0,3.0,4.0,1.0,7.0,2.0,2.0,5.0,3.0,4.0,6.0,7.0,1.0,5.0,6.0,1.0,7.0,4.0,3.0,2.0,It was easy,1.0,6.0,3.0,5.0,4.0,7.0,2.0,3.0,5.0,1.0,7.0,4.0,6.0,2.0,It was easy,2.0,5.0,6.0,4.0,3.0,7.0,1.0,3.0,6.0,2.0,5.0,4.0,7.0,1.0,3.0,5.0,4.0,6.0,2.0,7.0,1.0,3.0,6.0,2.0,5.0,4.0,7.0,1.0,2.0,6.0,3.0,5.0,4.0,7.0,1.0,4.0,3.0,1.0,6.0,5.0,7.0,2.0,3.0,5.0,4.0,6.0,1.0,7.0,2.0,2.0,5.0,3.0,1.0,6.0,7.0,4.0,7.0,2.0,5.0,3.0,4.0,6.0,1.0,3.0,6.0,2.0,7.0,4.0,5.0,1.0,2.0,4.0,3.0,6.0,5.0,7.0,1.0,2.0,4.0,3.0,5.0,6.0,7.0,1.0,4.0,7.0,1.0,3.0,5.0,6.0,2.0,2.0,5.0,3.0,4.0,7.0,6.0,1.0,1.0,7.0,3.0,5.0,4.0,6.0,2.0,2.0,4.0,3.0,7.0,6.0,5.0,1.0,3.0,2.0,6.0,5.0,4.0,7.0,1.0,2.0,5.0,6.0,4.0,3.0,7.0,1.0,3.0,4.0,5.0,6.0,2.0,7.0,1.0,2.0,4.0,3.0,6.0,5.0,7.0,1.0,4.0,6.0,2.0,5.0,3.0,7.0,1.0,1.0,5.0,7.0,4.0,3.0,6.0,2.0,3.0,2.0,7.0,6.0,1.0,5.0,4.0,1.0,6.0,4.0,5.0,3.0,7.0,2.0,3.0,2.0,4.0,5.0,6.0,7.0,1.0,3.0,6.0,4.0,5.0,2.0,7.0,1.0,3.0,6.0,2.0,5.0,1.0,7.0,4.0,2.0,6.0,1.0,5.0,4.0,7.0,3.0,5.0,4.0,2.0,6.0,3.0,7.0,1.0,2.0,6.0,3.0,7.0,4.0,5.0,1.0
2025-03-17 18:11,2025-03-17 18:29,IP Address,100,1089,TRUE,2025-03-17 18:29,anonymous,EN,P0029,7.0,3.0,1.0,4.0,2.0,6.0,5.0,7.0,5.0,2.0,4.0,3.0,6.0,1.0,5.0,4.0,6.0,2.0,3.0,1.0,7.0,4.0,5.0,3.0,7.0,1.0,2.0,6.0,2.0,6.0,3.0,4.0,5.0,7.0,1.0,5.0,1.0,2.0,3.0,4.0,7.0,6.0,5.0,3.0,2.0,1.0,4.0,7.0,6.0,7.0,6.0,5.0,2.0,3.0,1.0,4.0,7.0,6.0,5.0,4.0,3.0,1.0,2.0,3.0,5.0,4.0,2.0,1.0,6.0,7.0,4.0,6.0,7.0,1.0,2.0,3.0,5.0,2.0,4.0,6.0,7.0,5.0,3.0,1.0,5.0,7.0,4.0,3.0,2.0,1.0,6.0,3.0,5.0,1.0,2.0,4.0,7.0,6.0,3.0,7.0,5.0,1.0,2.0,6.0,4.0,7.0,5.0,6.0,1.0,3.0,2.0,4.0,3.0,5.0,2.0,4.0,1.0,6.0,7.0,6.0,4.0,7.0,3.0,1.0,5.0,2.0,It was easy,2.0,6.0,1.0,5.0,4.0,7.0,3.0,6.0,1.0,4.0,3.0,2.0,5.0,7.0,It was easy,1.0,2.0,7.0,6.0,4.0,3.0,5.0,2.0,6.0,7.0,3.0,1.0,4.0,5.0,7.0,6.0,5.0,3.0,1.0,4.0,2.0,6.0,5.0,2.0,3.0,1.0,4.0,7.0,7.0,4.0,3.0,6.0,2.0,5.0,1.0,3.0,7.0,5.0,2.0,4.0,6.0,1.0,5.0,2.0,6.0,7.0,1.0,4.0,3.0,7.0,4.0,5.0,3.0,2.0,1.0,6.0,5.0,6.0,4.0,1.0,3.0,2.0,7.0,7.0,2.0,3.0,4.0,1.0,5.0,6.0,3.0,5.0,7.0,4.0,1.0,6.0,2.0,3.0,6.0,7.0,1.0,2.0,5.0,4.0,1.0,6.0,7.0,3.0,4.0,2.0,5.0,4.0,2.0,7.0,5.0,3.0,1.0,6.0,5.0,2.0,4.0,3.0,1.0,7.0,6.0,1.0,2.0,7.0,6.0,4.0,3.0,5.0,4.0,2.0,1.0,5.0,3.0,6.0,7.0,7.0,2.0,6.0,4.0,1.0,5.0,3.0,6.0,7.0,3.0,1.0,2.0,5.0,4.0,7.0,4.0,5.0,2.0,1.0,6.0,3.0,2.0,7.0,6.0,4.0,1.0,3.0,5.0,6.0,2.0,1.0,4.0,5.0,3.0,7.0,6.0,4.0,7.0,2.0,1.0,5.0,3.0,5.0,7.0,1.0,3.0,4.0,2.0,6.0,5.0,4.0,7.0,2.0,3.0,1.0,6.0,4.0,7.0,5.0,3.0,2.0,6.0,1.0,2.0,5.0,7.0,6.0,3.0,1.0,4.0,3.0,5.0,6.0,7.0,1.0,4.0,2.0,1.0,4.0,6.0,7.0,3.0,2.0,5.0,3.0,6.0,5.0,1.0,2.0,7.0,4.0
2025-03-17 18:12,2025-03-17 18:31,IP Address,100,1161,TRUE,2025-03-17 18:31,anonymous,EN,P0031,3.0,4.0,7.0,5.0,1.0,6.0,2.0,2.0,4.0,1.0,6.0,5.0,7.0,3.0,2.0,6.0,3.0,4.0,5.0,7.0,1.0,3.0,6.0,1.0,2.0,5.0,7.0,4.0,1.0,5.0,3.0,6.0,4.0,7.0,2.0,2.0,6.0,3.0,4.0,5.0,7.0,1.0,5.0,6.0,1.0,7.0,3.0,4.0,2.0,2.0,5.0,4.0,6.0,3.0,7.0,1.0,6.0,4.0,3.0,7.0,1.0,2.0,5.0,1.0,7.0,3.0,2.0,6.0,4.0,5.0,7.0,6.0,4.0,2.0,1.0,5.0,3.0,5.0,6.0,4.0,7.0,3.0,1.0,2.0,4.0,3.0,7.0,5.0,1.0,6.0,2.0,5.0,1.0,7.0,4.0,2.0,3.0,6.0,1.0,6.0,3.0,5.0,2.0,7.0,4.0,3.0,1.0,5.0,6.0,4.0,7.0,2.0,7.0,2.0,1.0,3.0,6.0,5.0,4.0,6.0,4.0,5.0,2.0,1.0,3.0,7.0,It was easy,1.0,6.0,4.0,5.0,3.0,7.0,2.0,2.0,6.0,3.0,4.0,5.0,7.0,1.0,It was easy,2.0,6.0,4.0,5.0,3.0,7.0,1.0,5.0,1.0,3.0,2.0,4.0,7.0,6.0,2.0,6.0,4.0,5.0,3.0,7.0,1.0,4.0,5.0,3.0,2.0,1.0,6.0,7.0,4.0,5.0,1.0,7.0,2.0,6.0,3.0,3.0,5.0,2.0,4.0,6.0,7.0,1.0,3.0,2.0,1.0,5.0,4.0,6.0,7.0,7.0,2.0,3.0,6.0,1.0,4.0,5.0,3.0,7.0,4.0,6.0,2.0,5.0,1.0,6.0,4.0,5.0,3.0,1.0,7.0,2.0,4.0,5.0,1.0,3.0,2.0,6.0,7.0,3.0,6.0,5.0,4.0,1.0,7.0,2.0,4.0,6.0,1.0,3.0,2.0,7.0,5.0,7.0,4.0,3.0,6.0,1.0,5.0,2.0,1.0,7.0,5.0,2.0,4.0,6.0,3.0,7.0,5.0,4.0,6.0,3.0,2.0,1.0,4.0,5.0,7.0,1.0,3.0,2.0,6.0,5.0,4.0,1.0,7.0,3.0,6.0,2.0,7.0,6.0,3.0,1.0,4.0,5.0,2.0,2.0,6.0,5.0,4.0,3.0,7.0,1.0,7.0,4.0,1.0,5.0,3.0,6.0,2.0,7.0,3.0,4.0,6.0,2.0,1.0,5.0,7.0,2.0,5.0,4.0,3.0,1.0,6.0,7.0,4.0,2.0,3.0,1.0,5.0,6.0,3.0,6.0,1.0,5.0,4.0,7.0,2.0,7.0,4.0,6.0,2.0,1.0,5.0,3.0,6.0,5.0,1.0,2.0,4.0,7.0,3.0,4.0,7.0,1.0,2.0,3.0,6.0,5.0,4.0,6.0,5.0,2.0,1.0,7.0,3.0,2.0,6.0,4.0,5.0,3.0,7.0,1.0
2025-03-17 18:02,2025-03-17 18:31,IP Address,100,1766,TRUE,2025-03-17 18:31,anonymous,EN,P0011,2.0,6.0,3.0,5.0,4.0,7.0,1.0,2.0,5.0,3.0,7.0,4.0,6.0,1.0,2.0,5.0,3.0,4.0,7.0,6.0,1.0,2.0,3.0,5.0,7.0,4.0,6.0,1.0,4.0,6.0,2.0,5.0,3.0,7.0,1.0,1.0,3.0,6.0,7.0,4.0,5.0,2.0,4.0,7.0,2.0,6.0,3.0,5.0,1.0,4.0,6.0,3.0,1.0,7.0,5.0,2.0,3.0,6.0,2.0,4.0,7.0,5.0,1.0,2.0,7.0,3.0,6.0,5.0,4.0,1.0,5.0,2.0,4.0,7.0,3.0,6.0,1.0,2.0,3.0,7.0,4.0,1.0,6.0,5.0,2.0,6.0,3.0,5.0,4.0,7.0,1.0,3.0,7.0,4.0,6.0,2.0,5.0,1.0,3.0,4.0,2.0,5.0,7.0,6.0,1.0,5.0,6.0,2.0,7.0,4.0,3.0,1.0,1.0,4.0,3.0,5.0,7.0,6.0,2.0,2.0,7.0,1.0,6.0,3.0,4.0,5.0,It was easy,2.0,6.0,3.0,5.0,4.0,7.0,1.0,4.0,3.0,2.0,7.0,5.0,6.0,1.0,It was easy,2.0,3.0,6.0,5.0,4.0,7.0,1.0,2.0,4.0,3.0,6.0,7.0,5.0,1.0,5.0,3.0,4.0,6.0,2.0,7.0,1.0,2.0,6.0,4.0,5.0,3.0,7.0,1.0,4.0,6.0,3.0,5.0,2.0,7.0,1.0,1.0,7.0,4.0,6.0,3.0,5.0,2.0,1.0,6.0,4.0,5.0,3.0,7.0,2.0,1.0,5.0,2.0,3.0,7.0,6.0,4.0,3.0,4.0,5.0,2.0,6.0,7.0,1.0,2.0,5.0,3.0,4.0,6.0,7.0,1.0,1.0,6.0,2.0,5.0,4.0,7.0,3.0,3.0,7.0,6.0,4.0,2.0,5.0,1.0,1.0,4.0,7.0,2.0,3.0,6.0,5.0,1.0,6.0,3.0,4.0,5.0,7.0,2.0,1.0,5.0,2.0,6.0,3.0,7.0,4.0,3.0,5.0,2.0,7.0,4.0,6.0,1.0,4.0,5.0,7.0,6.0,2.0,3.0,1.0,1.0,4.0,2.0,5.0,6.0,7.0,3.0,3.0,5.0,6.0,4.0,2.0,7.0,1.0,2.0,4.0,3.0,5.0,6.0,7.0,1.0,2.0,5.0,3.0,7.0,4.0,6.0,1.0,4.0,5.0,3.0,6.0,2.0,7.0,1.0,5.0,6.0,3.0,1.0,2.0,4.0,7.0,2.0,1.0,6.0,5.0,4.0,7.0,3.0,3.0,6.0,4.0,1.0,5.0,7.0,2.0,3.0,4.0,2.0,6.0,5.0,7.0,1.0,1.0,4.0,2.0,5.0,7.0,6.0,3.0,2.0,5.0,4.0,6.0,1.0,7.0,3.0,4.0,2.0,3.0,6.0,5.0,7.0,1.0,2.0,6.0,4.0,5.0,3.0,7.0,1.0
2025-03-17 18:09,2025-03-17 18:32,IP Address,100,1374,TRUE,2025-03-17 18:32,anonymous,EN,P0024,2.0,6.0,4.0,5.0,3.0,7.0,1.0,1.0,5.0,2.0,6.0,4.0,7.0,3.0,2.0,6.0,3.0,5.0,4.0,7.0,1.0,2.0,6.0,3.0,5.0,4.0,7.0,1.0,1.0,5.0,4.0,3.0,6.0,7.0,2.0,3.0,5.0,1.0,2.0,6.0,7.0,4.0,4.0,5.0,2.0,3.0,6.0,7.0,1.0,3.0,6.0,4.0,5.0,2.0,7.0,1.0,3.0,4.0,2.0,6.0,7.0,5.0,1.0,2.0,7.0,3.0,4.0,6.0,5.0,1.0,2.0,6.0,3.0,5.0,4.0,7.0,1.0,1.0,6.0,3.0,7.0,4.0,5.0,2.0,3.0,7.0,5.0,2.0,4.0,6.0,1.0,1.0,6.0,2.0,5.0,4.0,7.0,3.0,3.0,5.0,1.0,6.0,4.0,7.0,2.0,6.0,4.0,2.0,7.0,5.0,3.0,1.0,2.0,5.0,3.0,4.0,7.0,6.0,1.0,1.0,7.0,4.0,5.0,3.0,6.0,2.0,It was easy,3.0,6.0,4.0,5.0,2.0,7.0,1.0,4.0,5.0,2.0,7.0,3.0,6.0,1.0,It was easy,2.0,3.0,6.0,7.0,5.0,4.0,1.0,2.0,3.0,4.0,7.0,5.0,6.0,1.0,3.0,5.0,4.0,6.0,2.0,7.0,1.0,2.0,6.0,3.0,5.0,4.0,7.0,1.0,4.0,6.0,5.0,2.0,3.0,7.0,1.0,3.0,4.0,1.0,6.0,7.0,5.0,2.0,5.0,6.0,1.0,4.0,3.0,7.0,2.0,1.0,5.0,3.0,4.0,6.0,7.0,2.0,5.0,2.0,3.0,4.0,6.0,7.0,1.0,3.0,6.0,2.0,5.0,4.0,7.0,1.0,2.0,4.0,1.0,5.0,7.0,6.0,3.0,2.0,3.0,4.0,7.0,5.0,6.0,1.0,3.0,5.0,2.0,7.0,6.0,4.0,1.0,2.0,6.0,1.0,4.0,5.0,7.0,3.0,1.0,4.0,3.0,5.0,6.0,7.0,2.0,3.0,2.0,4.0,6.0,5.0,7.0,1.0,4.0,5.0,7.0,3.0,2.0,6.0,1.0,2.0,4.0,3.0,7.0,5.0,6.0,1.0,3.0,7.0,2.0,6.0,5.0,4.0,1.0,3.0,2.0,4.0,5.0,6.0,7.0,1.0,2.0,7.0,5.0,3.0,4.0,6.0,1.0,2.0,5.0,3.0,6.0,4.0,7.0,1.0,2.0,3.0,5.0,7.0,4.0,6.0,1.0,1.0,2.0,3.0,6.0,5.0,7.0,4.0,1.0,5.0,4.0,6.0,2.0,7.0,3.0,1.0,7.0,4.0,3.0,5.0,6.0,2.0,3.0,6.0,2.0,5.0,4.0,7.0,1.0,2.0,5.0,1.0,6.0,4.0,7.0,3.0,3.0,4.0,2.0,6.0,7.0,5.0,1.0,3.0,4.0,2.0,6.0,5.0,7.0,1.0
2025-03-17 18:14,2025-03-17 18:34,IP Address,100,1167,TRUE,2025-03-17 18:34,anonymous,EN,P0035,6.0,7.0,3.0,2.0,1.0,4.0,5.0,4.0,1.0,2.0,5.0,3.0,6.0,7.0,5.0,2.0,7.0,4.0,3.0,1.0,6.0,6.0,3.0,2.0,7.0,1.0,5.0,4.0,3.0,6.0,4.0,2.0,7.0,5.0,1.0,5.0,2.0,6.0,4.0,3.0,1.0,7.0,6.0,3.0,2.0,5.0,1.0,4.0,7.0,2.0,6.0,3.0,4.0,5.0,7.0,1.0,7.0,3.0,5.0,1.0,2.0,4.0,6.0,6.0,5.0,4.0,3.0,2.0,7.0,1.0,7.0,6.0,3.0,2.0,4.0,5.0,1.0,1.0,4.0,6.0,3.0,2.0,5.0,7.0,6.0,5.0,3.0,4.0,1.0,2.0,7.0,7.0,4.0,3.0,2.0,1.0,6.0,5.0,4.0,2.0,1.0,7.0,3.0,6.0,5.0,2.0,6.0,7.0,3.0,1.0,5.0,4.0,1.0,7.0,4.0,3.0,2.0,6.0,5.0,5.0,4.0,2.0,3.0,1.0,6.0,7.0,It was easy,1.0,7.0,3.0,4.0,5.0,6.0,2.0,2.0,6.0,3.0,4.0,5.0,7.0,1.0,It was easy,5.0,4.0,2.0,1.0,3.0,7.0,6.0,6.0,4.0,1.0,2.0,3.0,5.0,7.0,1.0,2.0,6.0,4.0,3.0,7.0,5.0,7.0,4.0,2.0,1.0,5.0,3.0,6.0,2.0,6.0,1.0,4.0,3.0,7.0,5.0,5.0,6.0,2.0,3.0,1.0,7.0,4.0,3.0,5.0,4.0,2.0,1.0,7.0,6.0,7.0,4.0,3.0,2.0,1.0,5.0,6.0,7.0,4.0,6.0,3.0,1.0,5.0,2.0,4.0,5.0,7.0,2.0,1.0,6.0,3.0,5.0,6.0,3.0,2.0,1.0,7.0,4.0,3.0,5.0,2.0,7.0,1.0,4.0,6.0,1.0,3.0,5.0,2.0,7.0,6.0,4.0,2.0,6.0,7.0,3.0,1.0,5.0,4.0,2.0,5.0,4.0,3.0,1.0,7.0,6.0,7.0,1.0,5.0,4.0,2.0,6.0,3.0,6.0,5.0,3.0,4.0,2.0,1.0,7.0,6.0,7.0,4.0,2.0,3.0,1.0,5.0,5.0,4.0,6.0,1.0,3.0,7.0,2.0,5.0,3.0,6.0,4.0,1.0,2.0,7.0,5.0,7.0,6.0,3.0,2.0,4.0,1.0,3.0,4.0,1.0,6.0,7.0,5.0,2.0,5.0,3.0,7.0,2.0,1.0,4.0,6.0,4.0,6.0,1.0,5.0,3.0,7.0,2.0,5.0,4.0,3.0,1.0,7.0,6.0,2.0,4.0,5.0,2.0,1.0,3.0,7.0,6.0,1.0,4.0,5.0,2.0,7.0,6.0,3.0,7.0,3.0,6.0,1.0,2.0,4.0,5.0,2.0,7.0,6.0,4.0,1.0,5.0,3.0,4.0,5.0,7.0,3.0,1.0,2.0,6.0
2025-03-17 18:13,2025-03-17 18:34,IP Address,100,1296,TRUE,2025-03-17 18:34,anonymous,EN,P0040,5.0,7.0,2.0,6.0,1.0,4.0,3.0,6.0,1.0,7.0,5.0,3.0,4.0,2.0,6.0,5.0,1.0,2.0,3.0,7.0,4.0,6.0,5.0,3.0,4.0,2.0,7.0,1.0,2.0,6.0,3.0,4.0,5.0,7.0,1.0,5.0,4.0,2.0,3.0,6.0,7.0,1.0,4.0,6.0,2.0,7.0,5.0,3.0,1.0,2.0,4.0,3.0,5.0,6.0,7.0,1.0,2.0,6.0,3.0,5.0,4.0,7.0,1.0,2.0,6.0,7.0,1.0,5.0,3.0,4.0,2.0,5.0,7.0,4.0,1.0,6.0,3.0,2.0,5.0,6.0,4.0,1.0,7.0,3.0,7.0,2.0,6.0,3.0,1.0,5.0,4.0,6.0,3.0,5.0,2.0,1.0,4.0,7.0,7.0,3.0,1.0,2.0,5.0,4.0,6.0,1.0,7.0,4.0,2.0,3.0,6.0,5.0,5.0,2.0,1.0,3.0,6.0,4.0,7.0,7.0,2.0,6.0,3.0,1.0,4.0,5.0,It was easy,1.0,6.0,4.0,5.0,3.0,7.0,2.0,2.0,6.0,4.0,5.0,3.0,7.0,1.0,It was easy,2.0,6.0,3.0,5.0,1.0,7.0,4.0,4.0,3.0,1.0,6.0,2.0,5.0,7.0,4.0,3.0,7.0,6.0,2.0,5.0,1.0,7.0,3.0,1.0,6.0,2.0,5.0,4.0,5.0,4.0,3.0,6.0,1.0,7.0,2.0,7.0,4.0,1.0,3.0,2.0,6.0,5.0,2.0,6.0,5.0,3.0,1.0,4.0,7.0,7.0,3.0,1.0,4.0,2.0,6.0,5.0,5.0,4.0,6.0,3.0,2.0,1.0,7.0,6.0,5.0,4.0,7.0,1.0,3.0,2.0,4.0,7.0,6.0,3.0,1.0,5.0,2.0,3.0,4.0,7.0,1.0,6.0,5.0,2.0,5.0,7.0,2.0,1.0,4.0,6.0,3.0,5.0,6.0,4.0,2.0,1.0,7.0,3.0,2.0,3.0,7.0,6.0,4.0,5.0,1.0,5.0,7.0,6.0,3.0,4.0,2.0,1.0,5.0,4.0,7.0,3.0,2.0,6.0,1.0,7.0,3.0,6.0,2.0,1.0,5.0,4.0,4.0,3.0,7.0,1.0,2.0,5.0,6.0,5.0,3.0,4.0,1.0,2.0,6.0,7.0,7.0,1.0,2.0,4.0,3.0,5.0,6.0,3.0,7.0,4.0,6.0,2.0,5.0,1.0,4.0,2.0,5.0,6.0,1.0,7.0,3.0,2.0,4.0,5.0,7.0,1.0,3.0,6.0,7.0,2.0,5.0,3.0,1.0,4.0,6.0,1.0,6.0,2.0,5.0,4.0,7.0,3.0,2.0,6.0,4.0,5.0,1.0,7.0,3.0,4.0,6.0,2.0,3.0,1.0,5.0,7.0,5.0,2.0,3.0,4.0,1.0,6.0,7.0,7.0,5.0,6.0,1.0,4.0,2.0,3.0
2025-03-17 18:08,2025-03-17 18:36,IP Address,100,1676,TRUE,2025-03-17 18:36,anonymous,EN,P0023,2.0,6.0,3.0,5.0,4.0,7.0,1.0,7.0,5.0,1.0,3.0,2.0,6.0,4.0,2.0,6.0,7.0,3.0,5.0,4.0,1.0,4.0,6.0,3.0,7.0,2.0,5.0,1.0,2.0,5.0,4.0,6.0,1.0,3.0,7.0,2.0,6.0,4.0,5.0,3.0,7.0,1.0,6.0,5.0,4.0,3.0,2.0,7.0,1.0,3.0,5.0,2.0,4.0,7.0,6.0,1.0,2.0,6.0,3.0,4.0,5.0,7.0,1.0,1.0,6.0,4.0,7.0,5.0,3.0,2.0,3.0,7.0,2.0,5.0,4.0,6.0,1.0,4.0,6.0,5.0,3.0,2.0,7.0,1.0,6.0,4.0,3.0,2.0,1.0,7.0,5.0,1.0,3.0,4.0,6.0,5.0,7.0,2.0,3.0,6.0,1.0,5.0,4.0,7.0,2.0,1.0,2.0,7.0,5.0,3.0,6.0,4.0,1.0,6.0,4.0,5.0,3.0,7.0,2.0,7.0,5.0,2.0,4.0,1.0,6.0,3.0,It was easy,2.0,6.0,3.0,4.0,5.0,7.0,1.0,2.0,6.0,5.0,4.0,1.0,7.0,3.0,It was easy,1.0,7.0,2.0,4.0,5.0,6.0,3.0,1.0,5.0,3.0,6.0,4.0,7.0,2.0,3.0,7.0,5.0,4.0,2.0,6.0,1.0,2.0,6.0,4.0,5.0,3.0,7.0,1.0,3.0,6.0,5.0,2.0,4.0,7.0,1.0,3.0,5.0,6.0,4.0,2.0,7.0,1.0,1.0,3.0,5.0,2.0,4.0,7.0,6.0,7.0,5.0,1.0,4.0,2.0,6.0,3.0,1.0,5.0,4.0,3.0,6.0,7.0,2.0,5.0,4.0,3.0,2.0,7.0,6.0,1.0,3.0,5.0,6.0,4.0,1.0,7.0,2.0,2.0,7.0,3.0,6.0,4.0,5.0,1.0,1.0,6.0,2.0,5.0,4.0,7.0,3.0,4.0,7.0,1.0,6.0,3.0,5.0,2.0,2.0,4.0,5.0,3.0,6.0,7.0,1.0,5.0,4.0,3.0,7.0,2.0,6.0,1.0,4.0,3.0,5.0,2.0,1.0,6.0,7.0,7.0,5.0,3.0,2.0,1.0,6.0,4.0,1.0,7.0,4.0,2.0,5.0,6.0,3.0,2.0,1.0,7.0,5.0,3.0,6.0,4.0,4.0,6.0,2.0,5.0,3.0,7.0,1.0,3.0,6.0,4.0,2.0,1.0,7.0,5.0,7.0,2.0,6.0,5.0,3.0,4.0,1.0,5.0,6.0,1.0,4.0,3.0,7.0,2.0,1.0,6.0,2.0,5.0,3.0,7.0,4.0,4.0,6.0,2.0,5.0,3.0,7.0,1.0,6.0,5.0,4.0,3.0,2.0,7.0,1.0,4.0,6.0,5.0,2.0,1.0,7.0,3.0,2.0,4.0,3.0,6.0,5.0,7.0,1.0,3.0,6.0,4.0,5.0,2.0,7.0,1.0
2025-03-17 18:14,2025-03-17 18:37,IP Address,100,1362,TRUE,2025-03-17 18:37,anonymous,EN,P0033,5.0,3.0,2.0,7.0,1.0,6.0,4.0,2.0,6.0,3.0,4.0,5.0,7.0,1.0,1.0,5.0,6.0,7.0,2.0,3.0,4.0,2.0,3.0,5.0,4.0,7.0,6.0,1.0,2.0,3.0,1.0,4.0,7.0,6.0,5.0,2.0,5.0,3.0,6.0,1.0,7.0,4.0,6.0,5.0,2.0,3.0,4.0,7.0,1.0,5.0,2.0,4.0,3.0,6.0,7.0,1.0,5.0,7.0,4.0,2.0,3.0,6.0,1.0,2.0,4.0,3.0,6.0,7.0,5.0,1.0,7.0,3.0,5.0,4.0,2.0,6.0,1.0,5.0,1.0,4.0,2.0,3.0,7.0,6.0,2.0,3.0,5.0,4.0,6.0,7.0,1.0,4.0,5.0,3.0,2.0,1.0,6.0,7.0,2.0,4.0,3.0,5.0,7.0,6.0,1.0,3.0,6.0,5.0,4.0,2.0,7.0,1.0,4.0,7.0,3.0,6.0,2.0,5.0,1.0,6.0,4.0,1.0,3.0,2.0,7.0,5.0,It was easy,2.0,7.0,3.0,4.0,5.0,6.0,1.0,6.0,5.0,1.0,7.0,3.0,4.0,2.0,It was easy,2.0,6.0,3.0,5.0,4.0,7.0,1.0,3.0,4.0,6.0,2.0,1.0,7.0,5.0,2.0,5.0,4.0,6.0,3.0,7.0,1.0,4.0,6.0,3.0,2.0,1.0,7.0,5.0,2.0,7.0,4.0,6.0,3.0,5.0,1.0,5.0,4.0,2.0,6.0,3.0,7.0,1.0,1.0,4.0,6.0,3.0,2.0,5.0,7.0,5.0,6.0,2.0,4.0,3.0,7.0,1.0,4.0,7.0,3.0,5.0,1.0,6.0,2.0,6.0,5.0,4.0,3.0,1.0,7.0,2.0,5.0,6.0,3.0,4.0,2.0,7.0,1.0,5.0,6.0,3.0,7.0,2.0,1.0,4.0,4.0,3.0,2.0,6.0,7.0,5.0,1.0,3.0,5.0,4.0,6.0,2.0,7.0,1.0,1.0,3.0,7.0,6.0,5.0,4.0,2.0,5.0,3.0,1.0,2.0,6.0,4.0,7.0,3.0,1.0,7.0,2.0,5.0,4.0,6.0,4.0,2.0,6.0,5.0,3.0,7.0,1.0,2.0,5.0,6.0,3.0,1.0,7.0,4.0,7.0,5.0,2.0,3.0,4.0,6.0,1.0,3.0,5.0,6.0,2.0,1.0,7.0,4.0,3.0,5.0,7.0,4.0,2.0,6.0,1.0,1.0,5.0,4.0,7.0,3.0,6.0,2.0,5.0,3.0,4.0,2.0,1.0,7.0,6.0,6.0,4.0,5.0,2.0,1.0,7.0,3.0,4.0,1.0,5.0,6.0,3.0,7.0,2.0,5.0,6.0,4.0,3.0,1.0,2.0,7.0,4.0,5.0,3.0,6.0,1.0,7.0,2.0,2.0,6.0,4.0,5.0,3.0,7.0,1.0,2.0,6.0,4.0,5.0,3.0,7.0,1.0
2025-03-17 18:08,2025-03-17 18:38,IP Address,100,1757,TRUE,2025-03-17 18:38,anonymous,EN,P0021,3.0,4.0,6.0,5.0,2.0,1.0,7.0,2.0,6.0,3.0,4.0,5.0,7.0,1.0,2.0,6.0,4.0,7.0,5.0,3.0,1.0,6.0,4.0,2.0,7.0,5.0,3.0,1.0,2.0,6.0,1.0,5.0,4.0,7.0,3.0,4.0,5.0,2.0,3.0,7.0,6.0,1.0,7.0,2.0,5.0,3.0,4.0,6.0,1.0,2.0,7.0,3.0,5.0,4.0,6.0,1.0,2.0,6.0,4.0,5.0,3.0,7.0,1.0,3.0,6.0,2.0,5.0,4.0,7.0,1.0,5.0,4.0,3.0,6.0,2.0,7.0,1.0,4.0,6.0,3.0,5.0,1.0,7.0,2.0,4.0,7.0,1.0,6.0,5.0,3.0,2.0,3.0,4.0,2.0,7.0,6.0,5.0,1.0,7.0,6.0,1.0,4.0,2.0,5.0,3.0,1.0,5.0,2.0,6.0,4.0,7.0,3.0,2.0,5.0,7.0,3.0,1.0,6.0,4.0,7.0,3.0,1.0,2.0,4.0,5.0,6.0,It was easy,1.0,7.0,4.0,5.0,3.0,6.0,2.0,6.0,7.0,5.0,3.0,1.0,4.0,2.0,It was easy,3.0,1.0,5.0,7.0,2.0,6.0,4.0,2.0,4.0,6.0,3.0,1.0,5.0,7.0,7.0,2.0,5.0,4.0,3.0,6.0,1.0,1.0,4.0,3.0,6.0,5.0,7.0,2.0,5.0,6.0,3.0,4.0,2.0,7.0,1.0,1.0,6.0,2.0,4.0,3.0,7.0,5.0,2.0,6.0,1.0,5.0,4.0,7.0,3.0,3.0,4.0,2.0,1.0,6.0,7.0,5.0,4.0,5.0,7.0,3.0,2.0,6.0,1.0,4.0,2.0,1.0,5.0,3.0,7.0,6.0,3.0,7.0,2.0,4.0,6.0,5.0,1.0,2.0,7.0,4.0,5.0,3.0,6.0,1.0,3.0,4.0,1.0,6.0,5.0,7.0,2.0,2.0,6.0,7.0,3.0,5.0,4.0,1.0,1.0,6.0,3.0,5.0,4.0,7.0,2.0,3.0,7.0,4.0,2.0,5.0,6.0,1.0,1.0,5.0,6.0,4.0,3.0,2.0,7.0,2.0,4.0,3.0,7.0,6.0,5.0,1.0,1.0,6.0,3.0,7.0,4.0,5.0,2.0,1.0,2.0,7.0,5.0,3.0,6.0,4.0,2.0,6.0,3.0,4.0,5.0,7.0,1.0,1.0,5.0,4.0,3.0,6.0,7.0,2.0,4.0,5.0,2.0,3.0,1.0,6.0,7.0,3.0,1.0,7.0,5.0,4.0,6.0,2.0,2.0,5.0,3.0,4.0,1.0,6.0,7.0,7.0,5.0,2.0,4.0,3.0,6.0,1.0,1.0,6.0,2.0,5.0,4.0,7.0,3.0,3.0,6.0,2.0,5.0,4.0,7.0,1.0,3.0,2.0,4.0,6.0,5.0,7.0,1.0,2.0,5.0,6.0,4.0,3.0,7.0,1.0
2025-03-17 18:08,2025-03-17 18:38,IP Address,100,1799,TRUE,2025-03-17 18:38,anonymous,EN,P0018,5.0,2.0,3.0,6.0,1.0,4.0,7.0,7.0,1.0,6.0,2.0,3.0,4.0,5.0,5.0,3.0,2.0,4.0,6.0,7.0,1.0,3.0,6.0,2.0,5.0,4.0,7.0,1.0,6.0,4.0,1.0,5.0,3.0,7.0,2.0,2.0,6.0,3.0,4.0,5.0,7.0,1.0,2.0,6.0,3.0,4.0,5.0,7.0,1.0,6.0,4.0,7.0,3.0,1.0,5.0,2.0,6.0,7.0,4.0,2.0,1.0,3.0,5.0,6.0,5.0,2.0,4.0,3.0,7.0,1.0,3.0,4.0,2.0,6.0,5.0,7.0,1.0,5.0,2.0,7.0,4.0,1.0,6.0,3.0,6.0,7.0,4.0,1.0,5.0,3.0,2.0,7.0,1.0,6.0,4.0,2.0,3.0,5.0,7.0,4.0,1.0,3.0,6.0,5.0,2.0,6.0,3.0,7.0,5.0,4.0,2.0,1.0,5.0,7.0,3.0,1.0,4.0,2.0,6.0,7.0,5.0,3.0,4.0,2.0,1.0,6.0,It was easy,1.0,6.0,3.0,5.0,4.0,7.0,2.0,2.0,6.0,4.0,5.0,3.0,7.0,1.0,It was easy,2.0,6.0,4.0,5.0,3.0,7.0,1.0,7.0,5.0,3.0,4.0,1.0,6.0,2.0,6.0,4.0,7.0,3.0,2.0,5.0,1.0,6.0,4.0,2.0,3.0,1.0,5.0,7.0,3.0,5.0,7.0,6.0,4.0,2.0,1.0,2.0,4.0,1.0,5.0,3.0,7.0,6.0,7.0,2.0,3.0,6.0,1.0,5.0,4.0,7.0,1.0,3.0,5.0,4.0,6.0,2.0,6.0,4.0,2.0,5.0,1.0,7.0,3.0,7.0,3.0,4.0,2.0,1.0,6.0,5.0,7.0,6.0,2.0,3.0,1.0,5.0,4.0,2.0,5.0,4.0,6.0,3.0,7.0,1.0,7.0,1.0,4.0,5.0,3.0,6.0,2.0,3.0,5.0,7.0,4.0,2.0,6.0,1.0,3.0,7.0,4.0,1.0,5.0,6.0,2.0,4.0,2.0,7.0,6.0,1.0,5.0,3.0,5.0,3.0,7.0,4.0,2.0,1.0,6.0,6.0,3.0,7.0,4.0,2.0,1.0,5.0,5.0,2.0,6.0,3.0,1.0,7.0,4.0,7.0,6.0,1.0,2.0,3.0,4.0,5.0,3.0,6.0,4.0,2.0,7.0,5.0,1.0,6.0,7.0,2.0,3.0,1.0,4.0,5.0,7.0,6.0,4.0,3.0,1.0,2.0,5.0,3.0,2.0,7.0,5.0,1.0,6.0,4.0,5.0,4.0,6.0,2.0,1.0,7.0,3.0,1.0,6.0,3.0,4.0,5.0,7.0,2.0,4.0,3.0,5.0,7.0,1.0,6.0,2.0,7.0,3.0,2.0,5.0,1.0,4.0,6.0,5.0,4.0,2.0,7.0,1.0,6.0,3.0,5.0,3.0,2.0,7.0,6.0,4.0,1.0
2025-03-17 18:03,2025-03-17 18:38,IP Address,100,2120,TRUE,2025-03-17 18:38,anonymous,EN,P0009,4.0,2.0,1.0,7.0,3.0,6.0,5.0,1.0,5.0,2.0,7.0,3.0,6.0,4.0,2.0,6.0,3.0,4.0,5.0,7.0,1.0,2.0,6.0,5.0,4.0,3.0,7.0,1.0,3.0,6.0,5.0,4.0,2.0,7.0,1.0,1.0,5.0,3.0,4.0,2.0,7.0,6.0,5.0,2.0,6.0,1.0,3.0,7.0,4.0,2.0,6.0,3.0,4.0,5.0,7.0,1.0,5.0,6.0,7.0,2.0,1.0,4.0,3.0,2.0,6.0,3.0,4.0,5.0,7.0,1.0,3.0,6.0,2.0,5.0,4.0,7.0,1.0,4.0,6.0,3.0,5.0,1.0,7.0,2.0,6.0,1.0,7.0,5.0,2.0,3.0,4.0,2.0,1.0,6.0,3.0,4.0,5.0,7.0,6.0,1.0,4.0,7.0,2.0,5.0,3.0,3.0,4.0,5.0,6.0,2.0,7.0,1.0,3.0,1.0,5.0,2.0,4.0,6.0,7.0,6.0,4.0,2.0,5.0,3.0,1.0,7.0,It was easy,2.0,7.0,3.0,5.0,4.0,6.0,1.0,3.0,7.0,6.0,1.0,4.0,5.0,2.0,It was easy,2.0,7.0,3.0,6.0,5.0,4.0,1.0,7.0,5.0,2.0,4.0,3.0,6.0,1.0,3.0,4.0,6.0,2.0,1.0,7.0,5.0,3.0,7.0,1.0,4.0,2.0,5.0,6.0,7.0,4.0,3.0,6.0,2.0,5.0,1.0,2.0,5.0,3.0,4.0,6.0,7.0,1.0,4.0,1.0,7.0,2.0,3.0,5.0,6.0,4.0,6.0,3.0,2.0,7.0,5.0,1.0,4.0,6.0,2.0,5.0,1.0,7.0,3.0,6.0,5.0,7.0,3.0,2.0,4.0,1.0,4.0,2.0,7.0,5.0,1.0,6.0,3.0,5.0,4.0,1.0,7.0,2.0,6.0,3.0,1.0,5.0,4.0,6.0,3.0,7.0,2.0,4.0,6.0,1.0,5.0,2.0,7.0,3.0,4.0,5.0,6.0,3.0,2.0,7.0,1.0,5.0,4.0,2.0,6.0,3.0,7.0,1.0,2.0,5.0,6.0,3.0,4.0,7.0,1.0,6.0,4.0,5.0,3.0,1.0,7.0,2.0,4.0,7.0,5.0,3.0,1.0,6.0,2.0,3.0,6.0,4.0,5.0,2.0,7.0,1.0,6.0,4.0,5.0,7.0,2.0,3.0,1.0,2.0,3.0,1.0,6.0,4.0,7.0,5.0,6.0,1.0,7.0,4.0,5.0,3.0,2.0,6.0,1.0,4.0,3.0,2.0,7.0,5.0,1.0,4.0,6.0,2.0,7.0,5.0,3.0,2.0,6.0,3.0,4.0,5.0,7.0,1.0,3.0,5.0,1.0,7.0,4.0,6.0,2.0,2.0,7.0,3.0,5.0,6.0,4.0,1.0,4.0,7.0,3.0,5.0,2.0,6.0,1.0,4.0,5.0,2.0,3.0,1.0,7.0,6.0
2025-03-17 17:55,2025-03-17 18:39,IP Address,100,2632,TRUE,2025-03-17 18:39,anonymous,EN,P0002,4.0,6.0,1.0,3.0,2.0,7.0,5.0,6.0,5.0,1.0,4.0,3.0,7.0,2.0,3.0,5.0,7.0,4.0,1.0,6.0,2.0,2.0,6.0,3.0,4.0,5.0,7.0,1.0,2.0,3.0,5.0,4.0,1.0,6.0,7.0,4.0,3.0,7.0,5.0,2.0,1.0,6.0,7.0,5.0,1.0,4.0,3.0,6.0,2.0,4.0,5.0,1.0,3.0,2.0,6.0,7.0,3.0,6.0,4.0,5.0,2.0,7.0,1.0,2.0,7.0,5.0,6.0,4.0,3.0,1.0,7.0,5.0,2.0,1.0,3.0,6.0,4.0,1.0,2.0,6.0,5.0,3.0,7.0,4.0,7.0,3.0,2.0,4.0,1.0,6.0,5.0,3.0,6.0,1.0,4.0,2.0,7.0,5.0,5.0,3.0,4.0,1.0,2.0,6.0,7.0,4.0,1.0,5.0,3.0,2.0,7.0,6.0,4.0,6.0,2.0,5.0,1.0,7.0,3.0,7.0,5.0,6.0,2.0,1.0,4.0,3.0,It was easy,1.0,7.0,4.0,5.0,3.0,6.0,2.0,6.0,7.0,3.0,2.0,4.0,5.0,1.0,It was easy,2.0,4.0,7.0,3.0,1.0,5.0,6.0,4.0,7.0,3.0,1.0,5.0,6.0,2.0,2.0,4.0,7.0,6.0,5.0,3.0,1.0,5.0,3.0,6.0,7.0,4.0,2.0,1.0,6.0,4.0,1.0,2.0,3.0,5.0,7.0,6.0,5.0,3.0,1.0,4.0,7.0,2.0,1.0,6.0,3.0,5.0,2.0,7.0,4.0,5.0,4.0,7.0,6.0,2.0,3.0,1.0,3.0,2.0,4.0,5.0,1.0,6.0,7.0,6.0,1.0,3.0,2.0,4.0,7.0,5.0,5.0,2.0,4.0,6.0,3.0,7.0,1.0,3.0,7.0,5.0,4.0,2.0,1.0,6.0,3.0,2.0,1.0,4.0,5.0,6.0,7.0,5.0,3.0,7.0,2.0,4.0,6.0,1.0,6.0,3.0,5.0,2.0,1.0,7.0,4.0,2.0,7.0,4.0,3.0,1.0,5.0,6.0,3.0,6.0,5.0,4.0,1.0,7.0,2.0,4.0,5.0,3.0,2.0,1.0,7.0,6.0,4.0,5.0,2.0,1.0,3.0,7.0,6.0,4.0,6.0,2.0,3.0,1.0,7.0,5.0,6.0,3.0,2.0,5.0,4.0,7.0,1.0,6.0,1.0,2.0,3.0,4.0,5.0,7.0,4.0,7.0,6.0,3.0,1.0,2.0,5.0,7.0,4.0,5.0,6.0,1.0,3.0,2.0,7.0,4.0,5.0,2.0,1.0,6.0,3.0,1.0,7.0,6.0,2.0,3.0,4.0,5.0,6.0,7.0,1.0,5.0,4.0,2.0,3.0,7.0,1.0,5.0,2.0,3.0,6.0,4.0,7.0,3.0,5.0,2.0,1.0,6.0,4.0,6.0,7.0,1.0,2.0,3.0,5.0,4.0
2025-03-17 18:14,2025-03-17 18:39,IP Address,100,1522,TRUE,2025-03-17 18:39,anonymous,EN,P0041,3.0,7.0,2.0,1.0,4.0,5.0,6.0,6.0,4.0,7.0,2.0,1.0,5.0,3.0,5.0,7.0,2.0,3.0,1.0,6.0,4.0,5.0,4.0,3.0,7.0,2.0,6.0,1.0,7.0,1.0,2.0,3.0,6.0,4.0,5.0,1.0,6.0,4.0,5.0,3.0,7.0,2.0,3.0,6.0,1.0,5.0,2.0,7.0,4.0,5.0,4.0,1.0,7.0,3.0,2.0,6.0,5.0,6.0,2.0,7.0,1.0,3.0,4.0,2.0,7.0,4.0,3.0,5.0,6.0,1.0,2.0,6.0,3.0,5.0,4.0,7.0,1.0,4.0,6.0,1.0,7.0,3.0,2.0,5.0,6.0,4.0,3.0,5.0,2.0,7.0,1.0,3.0,2.0,4.0,7.0,1.0,6.0,5.0,4.0,3.0,7.0,2.0,1.0,6.0,5.0,4.0,6.0,2.0,5.0,3.0,7.0,1.0,6.0,3.0,1.0,2.0,5.0,7.0,4.0,6.0,7.0,1.0,3.0,2.0,4.0,5.0,It was easy,1.0,6.0,3.0,5.0,4.0,7.0,2.0,2.0,6.0,4.0,5.0,3.0,7.0,1.0,It was easy,5.0,3.0,4.0,2.0,1.0,6.0,7.0,5.0,4.0,6.0,3.0,2.0,7.0,1.0,6.0,2.0,1.0,5.0,3.0,7.0,4.0,3.0,4.0,1.0,7.0,6.0,5.0,2.0,2.0,6.0,1.0,4.0,3.0,7.0,5.0,4.0,3.0,7.0,2.0,1.0,5.0,6.0,6.0,2.0,1.0,4.0,3.0,7.0,5.0,7.0,6.0,4.0,3.0,1.0,5.0,2.0,7.0,3.0,5.0,2.0,1.0,4.0,6.0,2.0,5.0,7.0,3.0,6.0,4.0,1.0,6.0,5.0,1.0,4.0,3.0,7.0,2.0,3.0,6.0,4.0,5.0,2.0,7.0,1.0,5.0,6.0,4.0,3.0,2.0,7.0,1.0,3.0,6.0,1.0,4.0,2.0,7.0,5.0,4.0,7.0,1.0,5.0,3.0,6.0,2.0,4.0,7.0,1.0,6.0,2.0,5.0,3.0,2.0,1.0,3.0,5.0,6.0,4.0,7.0,2.0,3.0,5.0,4.0,1.0,6.0,7.0,4.0,7.0,5.0,1.0,2.0,6.0,3.0,3.0,5.0,1.0,4.0,2.0,6.0,7.0,7.0,6.0,5.0,3.0,1.0,4.0,2.0,1.0,5.0,2.0,6.0,4.0,3.0,7.0,6.0,4.0,7.0,2.0,1.0,3.0,5.0,7.0,2.0,3.0,6.0,4.0,5.0,1.0,3.0,5.0,2.0,4.0,1.0,7.0,6.0,7.0,5.0,1.0,4.0,3.0,6.0,2.0,1.0,5.0,6.0,4.0,2.0,7.0,3.0,5.0,2.0,3.0,4.0,7.0,6.0,1.0,1.0,6.0,3.0,5.0,4.0,7.0,2.0,2.0,6.0,4.0,5.0,3.0,7.0,1.0
2025-03-17 18:09,2025-03-17 18:40,IP Address,100,1864,TRUE,2025-03-17 18:40,anonymous,EN,P0025,4.0,3.0,1.0,7.0,2.0,6.0,5.0,2.0,6.0,3.0,4.0,5.0,7.0,1.0,5.0,6.0,2.0,3.0,1.0,7.0,4.0,6.0,1.0,2.0,3.0,4.0,5.0,7.0,7.0,3.0,6.0,5.0,2.0,1.0,4.0,6.0,2.0,5.0,3.0,1.0,4.0,7.0,1.0,7.0,3.0,5.0,2.0,6.0,4.0,4.0,7.0,3.0,5.0,2.0,1.0,6.0,3.0,6.0,5.0,2.0,1.0,7.0,4.0,2.0,6.0,3.0,4.0,5.0,7.0,1.0,3.0,5.0,7.0,6.0,1.0,2.0,4.0,6.0,4.0,3.0,2.0,1.0,5.0,7.0,3.0,5.0,1.0,4.0,2.0,6.0,7.0,7.0,4.0,3.0,5.0,1.0,2.0,6.0,4.0,6.0,3.0,1.0,2.0,5.0,7.0,6.0,3.0,7.0,2.0,1.0,5.0,4.0,7.0,5.0,2.0,6.0,3.0,1.0,4.0,5.0,3.0,6.0,4.0,2.0,1.0,7.0,It was easy,3.0,7.0,1.0,5.0,4.0,6.0,2.0,6.0,4.0,5.0,3.0,2.0,7.0,1.0,It was easy,2.0,6.0,4.0,5.0,3.0,7.0,1.0,6.0,7.0,2.0,5.0,1.0,4.0,3.0,4.0,2.0,7.0,3.0,5.0,6.0,1.0,5.0,3.0,2.0,6.0,1.0,4.0,7.0,7.0,6.0,4.0,2.0,3.0,1.0,5.0,5.0,3.0,7.0,4.0,1.0,2.0,6.0,4.0,3.0,7.0,6.0,1.0,5.0,2.0,3.0,2.0,7.0,1.0,5.0,4.0,6.0,4.0,7.0,3.0,2.0,1.0,5.0,6.0,6.0,5.0,7.0,3.0,1.0,2.0,4.0,4.0,2.0,5.0,7.0,1.0,6.0,3.0,3.0,2.0,7.0,6.0,1.0,4.0,5.0,5.0,2.0,6.0,1.0,4.0,7.0,3.0,4.0,6.0,7.0,2.0,1.0,5.0,3.0,2.0,6.0,1.0,7.0,5.0,4.0,3.0,5.0,4.0,7.0,3.0,2.0,6.0,1.0,4.0,2.0,7.0,1.0,3.0,6.0,5.0,7.0,4.0,3.0,2.0,1.0,6.0,5.0,7.0,6.0,1.0,5.0,3.0,4.0,2.0,4.0,6.0,5.0,2.0,3.0,1.0,7.0,4.0,7.0,6.0,1.0,5.0,3.0,2.0,1.0,6.0,4.0,2.0,3.0,7.0,5.0,5.0,4.0,7.0,3.0,1.0,6.0,2.0,2.0,4.0,7.0,5.0,1.0,3.0,6.0,7.0,6.0,3.0,4.0,2.0,5.0,1.0,2.0,6.0,7.0,1.0,3.0,4.0,5.0,2.0,5.0,7.0,6.0,3.0,1.0,4.0,7.0,5.0,3.0,2.0,1.0,6.0,4.0,4.0,7.0,6.0,2.0,1.0,5.0,3.0,6.0,4.0,2.0,3.0,1.0,5.0,7.0
2025-03-17 18:12,2025-03-17 18:41,IP Address,100,1738,TRUE,2025-03-17 18:41,anonymous,EN,P0032,2.0,7.0,3.0,4.0,6.0,5.0,1.0,2.0,5.0,4.0,6.0,3.0,7.0,1.0,1.0,6.0,5.0,4.0,3.0,7.0,2.0,4.0,6.0,5.0,2.0,3.0,7.0,1.0,1.0,6.0,5.0,4.0,2.0,7.0,3.0,1.0,5.0,3.0,4.0,7.0,6.0,2.0,2.0,4.0,3.0,6.0,5.0,7.0,1.0,3.0,4.0,2.0,6.0,7.0,5.0,1.0,4.0,7.0,2.0,6.0,3.0,5.0,1.0,2.0,7.0,3.0,5.0,6.0,4.0,1.0,4.0,6.0,3.0,5.0,2.0,7.0,1.0,2.0,7.0,4.0,6.0,3.0,5.0,1.0,1.0,4.0,3.0,6.0,5.0,7.0,2.0,2.0,6.0,3.0,7.0,5.0,4.0,1.0,1.0,5.0,3.0,4.0,7.0,6.0,2.0,4.0,6.0,2.0,5.0,3.0,7.0,1.0,2.0,6.0,3.0,4.0,5.0,7.0,1.0,1.0,5.0,3.0,6.0,4.0,7.0,2.0,It was easy,2.0,5.0,4.0,6.0,3.0,7.0,1.0,2.0,5.0,3.0,7.0,4.0,6.0,1.0,It was easy,1.0,7.0,5.0,4.0,2.0,6.0,3.0,1.0,4.0,5.0,6.0,3.0,7.0,2.0,3.0,4.0,6.0,5.0,2.0,7.0,1.0,2.0,3.0,6.0,5.0,4.0,7.0,1.0,4.0,6.0,3.0,5.0,2.0,7.0,1.0,2.0,7.0,1.0,5.0,4.0,6.0,3.0,2.0,6.0,4.0,5.0,3.0,7.0,1.0,2.0,4.0,3.0,5.0,6.0,7.0,1.0,4.0,3.0,6.0,5.0,1.0,7.0,2.0,2.0,4.0,6.0,3.0,5.0,7.0,1.0,2.0,6.0,4.0,3.0,7.0,5.0,1.0,2.0,6.0,4.0,3.0,5.0,7.0,1.0,1.0,6.0,2.0,5.0,4.0,7.0,3.0,2.0,6.0,3.0,5.0,4.0,7.0,1.0,2.0,4.0,3.0,6.0,7.0,5.0,1.0,2.0,4.0,7.0,3.0,6.0,5.0,1.0,2.0,5.0,3.0,7.0,6.0,4.0,1.0,1.0,4.0,2.0,5.0,7.0,6.0,3.0,2.0,7.0,6.0,4.0,1.0,5.0,3.0,3.0,6.0,1.0,4.0,5.0,7.0,2.0,1.0,4.0,5.0,3.0,6.0,7.0,2.0,4.0,6.0,3.0,5.0,2.0,7.0,1.0,2.0,3.0,6.0,4.0,7.0,5.0,1.0,1.0,7.0,6.0,2.0,4.0,5.0,3.0,3.0,6.0,1.0,4.0,5.0,7.0,2.0,2.0,7.0,1.0,4.0,3.0,6.0,5.0,2.0,6.0,3.0,4.0,5.0,7.0,1.0,1.0,5.0,6.0,4.0,3.0,7.0,2.0,2.0,3.0,4.0,6.0,5.0,7.0,1.0,2.0,5.0,6.0,4.0,3.0,7.0,1.0
2025-03-17 18:00,2025-03-17 18:41,IP Address,100,2465,TRUE,2025-03-17 18:41,anonymous,EN,P0006,5.0,6.0,2.0,1.0,3.0,7.0,4.0,1.0,5.0,6.0,3.0,4.0,7.0,2.0,2.0,6.0,3.0,5.0,4.0,7.0,1.0,4.0,6.0,2.0,5.0,3.0,7.0,1.0,3.0,6.0,2.0,5.0,4.0,7.0,1.0,4.0,5.0,1.0,3.0,6.0,7.0,2.0,6.0,5.0,2.0,3.0,4.0,7.0,1.0,2.0,3.0,4.0,5.0,6.0,7.0,1.0,4.0,6.0,2.0,5.0,3.0,7.0,1.0,2.0,6.0,3.0,7.0,5.0,4.0,1.0,3.0,6.0,2.0,7.0,4.0,5.0,1.0,3.0,6.0,2.0,4.0,5.0,7.0,1.0,5.0,6.0,3.0,7.0,1.0,4.0,2.0,3.0,6.0,4.0,5.0,2.0,7.0,1.0,1.0,7.0,3.0,4.0,5.0,6.0,2.0,6.0,4.0,2.0,7.0,3.0,5.0,1.0,2.0,5.0,3.0,4.0,6.0,7.0,1.0,2.0,7.0,1.0,6.0,4.0,5.0,3.0,It was easy,1.0,6.0,3.0,5.0,4.0,7.0,2.0,5.0,3.0,2.0,6.0,4.0,7.0,1.0,It was easy,1.0,3.0,7.0,4.0,6.0,5.0,2.0,2.0,5.0,3.0,4.0,6.0,7.0,1.0,7.0,6.0,4.0,5.0,2.0,3.0,1.0,2.0,6.0,4.0,5.0,3.0,7.0,1.0,4.0,5.0,2.0,3.0,6.0,7.0,1.0,3.0,5.0,2.0,6.0,4.0,7.0,1.0,1.0,6.0,5.0,4.0,3.0,7.0,2.0,2.0,5.0,3.0,4.0,7.0,6.0,1.0,2.0,3.0,4.0,5.0,6.0,7.0,1.0,2.0,6.0,5.0,4.0,3.0,7.0,1.0,3.0,7.0,4.0,2.0,5.0,6.0,1.0,3.0,4.0,2.0,5.0,7.0,6.0,1.0,3.0,7.0,2.0,4.0,5.0,6.0,1.0,3.0,6.0,4.0,2.0,5.0,7.0,1.0,1.0,4.0,3.0,7.0,6.0,5.0,2.0,2.0,6.0,5.0,4.0,3.0,7.0,1.0,4.0,2.0,6.0,3.0,5.0,7.0,1.0,2.0,4.0,3.0,7.0,6.0,5.0,1.0,2.0,6.0,4.0,7.0,3.0,5.0,1.0,2.0,6.0,3.0,7.0,4.0,5.0,1.0,2.0,6.0,3.0,5.0,4.0,7.0,1.0,2.0,3.0,4.0,5.0,6.0,7.0,1.0,4.0,7.0,6.0,1.0,2.0,3.0,5.0,2.0,1.0,3.0,5.0,6.0,7.0,4.0,1.0,6.0,3.0,5.0,4.0,7.0,2.0,7.0,4.0,3.0,2.0,5.0,6.0,1.0,2.0,6.0,1.0,5.0,3.0,7.0,4.0,2.0,6.0,3.0,5.0,4.0,7.0,1.0,2.0,4.0,3.0,7.0,5.0,6.0,1.0,2.0,6.0,3.0,7.0,5.0,4.0,1.0
2025-03-17 18:10,2025-03-17 18:46,IP Address,100,2113,TRUE,2025-03-17 18:46,anonymous,EN,P0027,2.0,6.0,3.0,5.0,4.0,7.0,1.0,2.0,5.0,1.0,6.0,4.0,7.0,3.0,2.0,6.0,4.0,5.0,3.0,7.0,1.0,3.0,5.0,1.0,7.0,4.0,6.0,2.0,4.0,7.0,1.0,3.0,5.0,6.0,2.0,1.0,7.0,5.0,3.0,2.0,6.0,4.0,4.0,3.0,6.0,5.0,2.0,7.0,1.0,4.0,7.0,1.0,3.0,2.0,6.0,5.0,4.0,6.0,3.0,5.0,2.0,7.0,1.0,2.0,7.0,3.0,6.0,5.0,4.0,1.0,4.0,3.0,2.0,7.0,6.0,5.0,1.0,1.0,3.0,2.0,7.0,5.0,6.0,4.0,3.0,2.0,1.0,4.0,6.0,7.0,5.0,1.0,6.0,3.0,5.0,4.0,7.0,2.0,3.0,6.0,2.0,5.0,4.0,7.0,1.0,4.0,7.0,2.0,6.0,3.0,5.0,1.0,2.0,3.0,4.0,5.0,6.0,7.0,1.0,3.0,5.0,1.0,6.0,4.0,7.0,2.0,It was easy,1.0,7.0,3.0,5.0,4.0,6.0,2.0,3.0,5.0,2.0,7.0,4.0,6.0,1.0,It was easy,2.0,4.0,5.0,3.0,7.0,6.0,1.0,2.0,4.0,3.0,5.0,7.0,6.0,1.0,2.0,6.0,5.0,4.0,3.0,7.0,1.0,2.0,6.0,3.0,4.0,5.0,7.0,1.0,2.0,7.0,4.0,3.0,5.0,6.0,1.0,2.0,5.0,1.0,6.0,4.0,7.0,3.0,1.0,4.0,6.0,5.0,3.0,7.0,2.0,1.0,6.0,3.0,5.0,4.0,7.0,2.0,3.0,6.0,2.0,5.0,4.0,7.0,1.0,3.0,6.0,5.0,2.0,4.0,7.0,1.0,2.0,5.0,3.0,7.0,4.0,6.0,1.0,2.0,6.0,4.0,3.0,5.0,7.0,1.0,3.0,7.0,2.0,4.0,5.0,6.0,1.0,2.0,6.0,4.0,5.0,3.0,7.0,1.0,1.0,5.0,3.0,6.0,4.0,7.0,2.0,2.0,6.0,3.0,5.0,4.0,7.0,1.0,1.0,3.0,5.0,4.0,6.0,7.0,2.0,2.0,4.0,3.0,7.0,6.0,5.0,1.0,2.0,7.0,4.0,6.0,3.0,5.0,1.0,3.0,7.0,2.0,6.0,4.0,5.0,1.0,2.0,7.0,4.0,3.0,5.0,6.0,1.0,3.0,6.0,4.0,5.0,2.0,7.0,1.0,2.0,1.0,4.0,6.0,3.0,7.0,5.0,1.0,2.0,3.0,5.0,4.0,6.0,7.0,3.0,6.0,4.0,5.0,1.0,7.0,2.0,2.0,6.0,5.0,3.0,4.0,7.0,1.0,2.0,4.0,3.0,6.0,5.0,7.0,1.0,2.0,6.0,4.0,5.0,3.0,7.0,1.0,2.0,4.0,3.0,6.0,5.0,7.0,1.0,2.0,6.0,3.0,5.0,4.0,7.0,1.0
2025-03-17 18:14,2025-03-17 18:50,IP Address,100,2153,TRUE,2025-03-17 18:50,anonymous,EN,P0038,5.0,4.0,1.0,7.0,2.0,6.0,3.0,2.0,6.0,3.0,4.0,5.0,7.0,1.0,4.0,1.0,5.0,3.0,2.0,6.0,7.0,2.0,6.0,3.0,5.0,4.0,7.0,1.0,2.0,1.0,4.0,6.0,3.0,7.0,5.0,1.0,6.0,3.0,5.0,4.0,7.0,2.0,6.0,1.0,2.0,3.0,4.0,7.0,5.0,6.0,4.0,2.0,3.0,7.0,5.0,1.0,6.0,3.0,5.0,4.0,2.0,7.0,1.0,2.0,7.0,5.0,4.0,3.0,6.0,1.0,2.0,5.0,7.0,1.0,6.0,4.0,3.0,2.0,7.0,5.0,1.0,3.0,4.0,6.0,6.0,5.0,1.0,4.0,2.0,3.0,7.0,2.0,7.0,3.0,6.0,5.0,4.0,1.0,5.0,2.0,7.0,4.0,3.0,1.0,6.0,3.0,7.0,6.0,4.0,2.0,5.0,1.0,3.0,5.0,1.0,4.0,2.0,7.0,6.0,3.0,6.0,2.0,1.0,4.0,7.0,5.0,It was easy,2.0,7.0,4.0,5.0,3.0,6.0,1.0,2.0,6.0,3.0,5.0,4.0,7.0,1.0,It was easy,1.0,6.0,3.0,4.0,2.0,7.0,5.0,6.0,2.0,3.0,7.0,1.0,4.0,5.0,5.0,4.0,7.0,2.0,3.0,6.0,1.0,3.0,6.0,5.0,7.0,1.0,4.0,2.0,5.0,7.0,2.0,6.0,3.0,4.0,1.0,1.0,2.0,5.0,3.0,4.0,7.0,6.0,1.0,7.0,5.0,4.0,3.0,6.0,2.0,7.0,3.0,2.0,4.0,5.0,6.0,1.0,5.0,6.0,4.0,2.0,1.0,7.0,3.0,5.0,7.0,4.0,1.0,2.0,6.0,3.0,3.0,5.0,4.0,1.0,7.0,6.0,2.0,1.0,4.0,2.0,5.0,3.0,7.0,6.0,2.0,7.0,5.0,1.0,3.0,6.0,4.0,1.0,2.0,5.0,3.0,7.0,6.0,4.0,7.0,5.0,1.0,2.0,3.0,4.0,6.0,2.0,7.0,5.0,3.0,1.0,6.0,4.0,4.0,6.0,2.0,7.0,1.0,5.0,3.0,5.0,1.0,6.0,2.0,3.0,7.0,4.0,4.0,6.0,2.0,5.0,3.0,7.0,1.0,4.0,5.0,2.0,3.0,1.0,7.0,6.0,1.0,4.0,3.0,2.0,6.0,7.0,5.0,3.0,1.0,4.0,5.0,2.0,7.0,6.0,3.0,5.0,7.0,2.0,4.0,6.0,1.0,2.0,7.0,3.0,1.0,6.0,4.0,5.0,6.0,3.0,4.0,2.0,1.0,5.0,7.0,2.0,6.0,5.0,4.0,1.0,7.0,3.0,6.0,4.0,7.0,3.0,2.0,5.0,1.0,7.0,2.0,6.0,5.0,1.0,4.0,3.0,5.0,7.0,3.0,1.0,6.0,4.0,2.0,5.0,4.0,6.0,3.0,1.0,7.0,2.0
2025-03-17 18:12,2025-03-17 18:51,IP Address,100,2289,TRUE,2025-03-17 18:51,anonymous,EN,P0037,3.0,5.0,7.0,2.0,4.0,6.0,1.0,3.0,6.0,1.0,5.0,4.0,7.0,2.0,2.0,5.0,6.0,4.0,3.0,7.0,1.0,2.0,4.0,3.0,6.0,7.0,5.0,1.0,4.0,3.0,2.0,7.0,5.0,6.0,1.0,1.0,7.0,3.0,2.0,6.0,5.0,4.0,2.0,6.0,3.0,5.0,4.0,7.0,1.0,4.0,3.0,5.0,2.0,6.0,7.0,1.0,4.0,6.0,3.0,5.0,1.0,7.0,2.0,2.0,6.0,3.0,5.0,4.0,7.0,1.0,6.0,5.0,1.0,4.0,3.0,7.0,2.0,1.0,4.0,5.0,7.0,3.0,6.0,2.0,1.0,6.0,3.0,5.0,4.0,7.0,2.0,3.0,5.0,7.0,4.0,1.0,6.0,2.0,3.0,4.0,2.0,6.0,7.0,5.0,1.0,7.0,6.0,2.0,4.0,5.0,3.0,1.0,1.0,7.0,3.0,2.0,5.0,6.0,4.0,1.0,5.0,2.0,4.0,3.0,7.0,6.0,It was easy,3.0,7.0,4.0,5.0,2.0,6.0,1.0,3.0,6.0,4.0,5.0,1.0,7.0,2.0,It was easy,3.0,6.0,4.0,5.0,2.0,7.0,1.0,7.0,3.0,4.0,5.0,1.0,6.0,2.0,3.0,7.0,4.0,5.0,1.0,6.0,2.0,6.0,5.0,4.0,2.0,3.0,7.0,1.0,1.0,3.0,6.0,5.0,4.0,7.0,2.0,2.0,5.0,1.0,7.0,4.0,6.0,3.0,1.0,6.0,5.0,4.0,2.0,7.0,3.0,3.0,6.0,2.0,5.0,4.0,7.0,1.0,5.0,4.0,3.0,2.0,1.0,7.0,6.0,3.0,4.0,6.0,5.0,2.0,7.0,1.0,2.0,5.0,7.0,4.0,3.0,6.0,1.0,2.0,6.0,4.0,5.0,3.0,7.0,1.0,6.0,7.0,2.0,3.0,5.0,4.0,1.0,4.0,6.0,1.0,3.0,5.0,7.0,2.0,1.0,5.0,3.0,6.0,4.0,7.0,2.0,4.0,6.0,5.0,3.0,2.0,7.0,1.0,3.0,5.0,7.0,4.0,2.0,6.0,1.0,6.0,5.0,1.0,4.0,3.0,7.0,2.0,7.0,5.0,3.0,2.0,1.0,6.0,4.0,2.0,7.0,1.0,5.0,3.0,6.0,4.0,5.0,6.0,2.0,4.0,3.0,7.0,1.0,2.0,5.0,7.0,3.0,4.0,6.0,1.0,4.0,5.0,6.0,7.0,3.0,2.0,1.0,3.0,1.0,2.0,6.0,4.0,7.0,5.0,1.0,6.0,4.0,3.0,2.0,7.0,5.0,7.0,5.0,2.0,4.0,3.0,6.0,1.0,4.0,3.0,2.0,6.0,7.0,5.0,1.0,2.0,4.0,5.0,6.0,3.0,7.0,1.0,3.0,6.0,4.0,5.0,2.0,7.0,1.0,2.0,3.0,5.0,7.0,4.0,6.0,1.0
2025-03-17 18:14,2025-03-17 18:52,IP Address,100,2260,TRUE,2025-03-17 18:52,anonymous,EN,P0034,6.0,4.0,3.0,5.0,1.0,7.0,2.0,6.0,4.0,1.0,3.0,2.0,5.0,7.0,2.0,6.0,4.0,5.0,3.0,7.0,1.0,3.0,7.0,6.0,2.0,4.0,5.0,1.0,5.0,3.0,2.0,6.0,4.0,7.0,1.0,1.0,5.0,2.0,7.0,3.0,6.0,4.0,2.0,4.0,6.0,7.0,3.0,5.0,1.0,5.0,7.0,3.0,1.0,6.0,4.0,2.0,5.0,6.0,3.0,2.0,1.0,4.0,7.0,2.0,6.0,3.0,4.0,7.0,5.0,1.0,3.0,5.0,2.0,6.0,4.0,7.0,1.0,2.0,6.0,3.0,4.0,7.0,5.0,1.0,4.0,6.0,2.0,5.0,3.0,7.0,1.0,1.0,4.0,3.0,7.0,5.0,6.0,2.0,2.0,4.0,7.0,5.0,1.0,6.0,3.0,5.0,7.0,4.0,2.0,3.0,6.0,1.0,2.0,5.0,3.0,7.0,6.0,4.0,1.0,2.0,5.0,3.0,6.0,4.0,7.0,1.0,It was easy,1.0,6.0,3.0,5.0,4.0,7.0,2.0,4.0,6.0,1.0,7.0,2.0,5.0,3.0,It was easy,2.0,5.0,4.0,6.0,3.0,7.0,1.0,2.0,5.0,4.0,6.0,3.0,7.0,1.0,3.0,5.0,6.0,4.0,2.0,7.0,1.0,2.0,6.0,4.0,5.0,3.0,7.0,1.0,4.0,7.0,2.0,3.0,6.0,5.0,1.0,3.0,5.0,2.0,6.0,4.0,7.0,1.0,1.0,6.0,5.0,4.0,2.0,7.0,3.0,3.0,5.0,2.0,7.0,4.0,6.0,1.0,4.0,7.0,1.0,6.0,3.0,5.0,2.0,4.0,3.0,7.0,6.0,2.0,5.0,1.0,1.0,6.0,3.0,5.0,4.0,7.0,2.0,1.0,2.0,4.0,3.0,6.0,7.0,5.0,1.0,7.0,2.0,4.0,5.0,6.0,3.0,2.0,3.0,5.0,7.0,6.0,4.0,1.0,1.0,7.0,4.0,3.0,2.0,6.0,5.0,2.0,3.0,6.0,4.0,7.0,5.0,1.0,4.0,5.0,2.0,7.0,1.0,3.0,6.0,1.0,7.0,3.0,6.0,2.0,5.0,4.0,4.0,5.0,3.0,6.0,2.0,7.0,1.0,3.0,5.0,2.0,1.0,6.0,7.0,4.0,3.0,7.0,2.0,4.0,6.0,5.0,1.0,1.0,4.0,5.0,6.0,3.0,7.0,2.0,2.0,6.0,3.0,5.0,1.0,4.0,7.0,2.0,6.0,3.0,1.0,5.0,7.0,4.0,2.0,5.0,3.0,6.0,4.0,7.0,1.0,5.0,6.0,4.0,3.0,2.0,7.0,1.0,1.0,7.0,5.0,3.0,4.0,6.0,2.0,2.0,5.0,3.0,6.0,4.0,7.0,1.0,2.0,5.0,3.0,7.0,4.0,6.0,1.0,4.0,5.0,2.0,7.0,3.0,6.0,1.0
2025-03-17 18:31,2025-03-17 18:53,IP Address,100,1261,TRUE,2025-03-17 18:53,anonymous,EN,P0020,1.0,5.0,7.0,6.0,4.0,2.0,3.0,4.0,5.0,3.0,6.0,2.0,7.0,1.0,5.0,4.0,1.0,2.0,7.0,6.0,3.0,2.0,5.0,4.0,7.0,3.0,6.0,1.0,3.0,4.0,1.0,7.0,6.0,5.0,2.0,5.0,6.0,4.0,3.0,2.0,7.0,1.0,4.0,2.0,5.0,6.0,3.0,7.0,1.0,2.0,4.0,3.0,5.0,7.0,6.0,1.0,2.0,6.0,3.0,4.0,5.0,7.0,1.0,1.0,6.0,3.0,5.0,4.0,7.0,2.0,6.0,4.0,3.0,2.0,7.0,5.0,1.0,2.0,5.0,4.0,6.0,3.0,7.0,1.0,4.0,6.0,1.0,5.0,3.0,7.0,2.0,2.0,4.0,5.0,6.0,3.0,7.0,1.0,4.0,5.0,2.0,6.0,3.0,7.0,1.0,5.0,6.0,2.0,4.0,3.0,7.0,1.0,5.0,7.0,6.0,2.0,3.0,4.0,1.0,2.0,4.0,3.0,7.0,1.0,5.0,6.0,It was easy,2.0,6.0,3.0,4.0,5.0,7.0,1.0,3.0,7.0,4.0,2.0,6.0,5.0,1.0,It was easy,1.0,3.0,5.0,7.0,6.0,4.0,2.0,2.0,6.0,5.0,4.0,3.0,7.0,1.0,5.0,6.0,3.0,4.0,2.0,7.0,1.0,3.0,6.0,1.0,5.0,4.0,7.0,2.0,3.0,5.0,2.0,4.0,1.0,7.0,6.0,2.0,4.0,1.0,6.0,5.0,7.0,3.0,1.0,6.0,4.0,3.0,2.0,7.0,5.0,4.0,6.0,5.0,3.0,2.0,7.0,1.0,5.0,6.0,4.0,3.0,2.0,7.0,1.0,2.0,6.0,5.0,3.0,4.0,7.0,1.0,6.0,4.0,5.0,3.0,2.0,7.0,1.0,2.0,3.0,5.0,4.0,6.0,7.0,1.0,1.0,5.0,3.0,4.0,2.0,7.0,6.0,2.0,7.0,3.0,5.0,6.0,4.0,1.0,2.0,6.0,3.0,5.0,4.0,7.0,1.0,2.0,5.0,7.0,4.0,3.0,6.0,1.0,1.0,5.0,6.0,2.0,3.0,7.0,4.0,2.0,7.0,6.0,4.0,3.0,5.0,1.0,4.0,2.0,3.0,5.0,7.0,6.0,1.0,5.0,4.0,2.0,3.0,6.0,7.0,1.0,6.0,4.0,7.0,3.0,2.0,5.0,1.0,3.0,6.0,2.0,5.0,4.0,7.0,1.0,2.0,5.0,6.0,7.0,3.0,4.0,1.0,1.0,2.0,6.0,4.0,3.0,5.0,7.0,1.0,5.0,6.0,4.0,3.0,7.0,2.0,2.0,4.0,5.0,3.0,7.0,6.0,1.0,5.0,7.0,2.0,1.0,4.0,6.0,3.0,3.0,2.0,5.0,6.0,4.0,7.0,1.0,1.0,4.0,7.0,3.0,2.0,6.0,5.0,4.0,6.0,2.0,7.0,3.0,5.0,1.0
2025-03-17 18:07,2025-03-17 18:57,IP Address,100,2976,TRUE,2025-03-17 18:57,anonymous,EN,P0017,3.0,4.0,2.0,5.0,6.0,7.0,1.0,3.0,6.0,1.0,5.0,4.0,7.0,2.0,5.0,2.0,4.0,3.0,6.0,7.0,1.0,4.0,7.0,2.0,6.0,5.0,3.0,1.0,4.0,6.0,2.0,3.0,5.0,7.0,1.0,3.0,6.0,1.0,5.0,4.0,7.0,2.0,5.0,2.0,4.0,6.0,3.0,7.0,1.0,3.0,5.0,2.0,6.0,4.0,7.0,1.0,5.0,7.0,2.0,3.0,4.0,6.0,1.0,2.0,7.0,3.0,6.0,4.0,5.0,1.0,3.0,5.0,2.0,7.0,6.0,4.0,1.0,2.0,6.0,3.0,5.0,4.0,7.0,1.0,3.0,5.0,2.0,6.0,4.0,7.0,1.0,1.0,4.0,3.0,5.0,6.0,7.0,2.0,3.0,4.0,2.0,6.0,7.0,5.0,1.0,5.0,6.0,2.0,4.0,3.0,7.0,1.0,2.0,4.0,3.0,5.0,6.0,7.0,1.0,6.0,2.0,1.0,4.0,3.0,7.0,5.0,It was easy,3.0,7.0,2.0,4.0,6.0,5.0,1.0,3.0,6.0,1.0,5.0,4.0,7.0,2.0,It was easy,4.0,6.0,3.0,5.0,2.0,7.0,1.0,1.0,4.0,3.0,6.0,5.0,7.0,2.0,6.0,4.0,3.0,5.0,2.0,7.0,1.0,3.0,5.0,1.0,7.0,4.0,6.0,2.0,6.0,4.0,2.0,5.0,3.0,7.0,1.0,3.0,5.0,1.0,7.0,6.0,4.0,2.0,2.0,4.0,6.0,5.0,3.0,7.0,1.0,3.0,4.0,2.0,5.0,6.0,7.0,1.0,7.0,5.0,2.0,4.0,3.0,6.0,1.0,1.0,5.0,3.0,4.0,7.0,6.0,2.0,2.0,4.0,3.0,5.0,6.0,7.0,1.0,2.0,7.0,6.0,3.0,4.0,5.0,1.0,2.0,6.0,3.0,5.0,4.0,7.0,1.0,3.0,6.0,1.0,5.0,4.0,7.0,2.0,3.0,4.0,1.0,7.0,6.0,5.0,2.0,2.0,6.0,3.0,5.0,4.0,7.0,1.0,3.0,6.0,2.0,5.0,4.0,7.0,1.0,3.0,4.0,1.0,5.0,7.0,6.0,2.0,4.0,7.0,1.0,3.0,5.0,6.0,2.0,3.0,4.0,2.0,5.0,7.0,6.0,1.0,2.0,6.0,3.0,5.0,4.0,7.0,1.0,3.0,6.0,2.0,5.0,4.0,7.0,1.0,4.0,7.0,3.0,1.0,6.0,5.0,2.0,5.0,6.0,2.0,4.0,1.0,7.0,3.0,2.0,4.0,3.0,5.0,6.0,7.0,1.0,7.0,5.0,2.0,3.0,4.0,6.0,1.0,2.0,6.0,1.0,4.0,5.0,7.0,3.0,2.0,4.0,3.0,5.0,6.0,7.0,1.0,2.0,6.0,4.0,5.0,3.0,7.0,1.0,2.0,6.0,4.0,5.0,3.0,7.0,1.0
2025-03-17 18:03,2025-03-17 18:57,IP Address,100,3248,TRUE,2025-03-17 18:57,anonymous,EN,P0013,2.0,5.0,3.0,7.0,6.0,4.0,1.0,4.0,6.0,1.0,5.0,3.0,7.0,2.0,2.0,3.0,7.0,6.0,5.0,4.0,1.0,5.0,7.0,4.0,6.0,2.0,3.0,1.0,3.0,6.0,1.0,4.0,5.0,7.0,2.0,5.0,4.0,1.0,3.0,2.0,6.0,7.0,4.0,2.0,7.0,1.0,5.0,6.0,3.0,6.0,5.0,2.0,4.0,1.0,7.0,3.0,4.0,6.0,1.0,5.0,3.0,7.0,2.0,2.0,7.0,3.0,4.0,5.0,6.0,1.0,1.0,6.0,7.0,5.0,2.0,3.0,4.0,3.0,4.0,5.0,7.0,2.0,6.0,1.0,4.0,5.0,2.0,6.0,3.0,7.0,1.0,3.0,6.0,2.0,5.0,4.0,7.0,1.0,5.0,3.0,1.0,4.0,7.0,6.0,2.0,7.0,3.0,4.0,6.0,2.0,5.0,1.0,2.0,4.0,6.0,5.0,3.0,7.0,1.0,7.0,5.0,3.0,4.0,1.0,6.0,2.0,It was easy,1.0,6.0,3.0,5.0,4.0,7.0,2.0,1.0,5.0,4.0,6.0,3.0,7.0,2.0,It was easy,1.0,6.0,4.0,5.0,3.0,7.0,2.0,5.0,4.0,1.0,3.0,7.0,6.0,2.0,4.0,6.0,5.0,3.0,2.0,7.0,1.0,2.0,7.0,3.0,6.0,5.0,4.0,1.0,1.0,5.0,3.0,4.0,6.0,7.0,2.0,2.0,5.0,1.0,6.0,4.0,7.0,3.0,3.0,6.0,1.0,5.0,4.0,7.0,2.0,7.0,4.0,2.0,5.0,3.0,6.0,1.0,6.0,3.0,2.0,5.0,4.0,7.0,1.0,1.0,5.0,3.0,4.0,6.0,7.0,2.0,1.0,6.0,4.0,5.0,3.0,7.0,2.0,1.0,7.0,4.0,5.0,3.0,6.0,2.0,2.0,4.0,3.0,5.0,7.0,6.0,1.0,2.0,7.0,3.0,5.0,4.0,6.0,1.0,4.0,3.0,1.0,6.0,7.0,5.0,2.0,4.0,6.0,1.0,7.0,3.0,5.0,2.0,2.0,6.0,3.0,7.0,1.0,5.0,4.0,4.0,2.0,3.0,5.0,6.0,7.0,1.0,4.0,7.0,1.0,5.0,3.0,6.0,2.0,6.0,5.0,2.0,4.0,1.0,7.0,3.0,2.0,3.0,4.0,6.0,5.0,7.0,1.0,6.0,3.0,1.0,4.0,2.0,5.0,7.0,3.0,5.0,7.0,4.0,2.0,6.0,1.0,2.0,6.0,4.0,5.0,1.0,7.0,3.0,2.0,6.0,5.0,4.0,1.0,7.0,3.0,2.0,7.0,3.0,4.0,5.0,6.0,1.0,3.0,7.0,1.0,2.0,4.0,5.0,6.0,3.0,6.0,1.0,7.0,4.0,5.0,2.0,4.0,6.0,3.0,5.0,2.0,7.0,1.0,6.0,3.0,1.0,7.0,4.0,5.0,2.0
2025-03-17 18:27,2025-03-17 18:57,IP Address,100,1804,TRUE,2025-03-17 18:57,anonymous,EN,P0044,3.0,6.0,2.0,1.0,5.0,4.0,7.0,2.0,6.0,3.0,5.0,4.0,7.0,1.0,3.0,4.0,5.0,1.0,6.0,7.0,2.0,3.0,6.0,4.0,5.0,2.0,7.0,1.0,2.0,5.0,4.0,1.0,6.0,7.0,3.0,1.0,4.0,3.0,5.0,7.0,6.0,2.0,2.0,6.0,3.0,4.0,5.0,7.0,1.0,2.0,5.0,3.0,6.0,4.0,7.0,1.0,4.0,7.0,3.0,6.0,1.0,2.0,5.0,1.0,6.0,4.0,5.0,3.0,7.0,2.0,1.0,5.0,4.0,3.0,7.0,6.0,2.0,7.0,6.0,2.0,4.0,1.0,5.0,3.0,1.0,2.0,6.0,3.0,4.0,7.0,5.0,2.0,7.0,3.0,4.0,6.0,5.0,1.0,1.0,6.0,3.0,5.0,4.0,7.0,2.0,4.0,2.0,5.0,1.0,3.0,7.0,6.0,6.0,3.0,5.0,2.0,1.0,4.0,7.0,1.0,4.0,6.0,7.0,5.0,3.0,2.0,It was easy,1.0,7.0,3.0,4.0,6.0,5.0,2.0,1.0,4.0,5.0,6.0,2.0,7.0,3.0,It was easy,1.0,4.0,6.0,3.0,2.0,7.0,5.0,1.0,4.0,6.0,3.0,2.0,7.0,5.0,4.0,6.0,5.0,2.0,1.0,7.0,3.0,4.0,5.0,2.0,7.0,3.0,1.0,6.0,2.0,4.0,6.0,1.0,7.0,5.0,3.0,6.0,7.0,5.0,4.0,3.0,1.0,2.0,3.0,6.0,4.0,2.0,1.0,7.0,5.0,7.0,5.0,1.0,3.0,2.0,6.0,4.0,3.0,4.0,1.0,5.0,6.0,7.0,2.0,6.0,4.0,5.0,2.0,1.0,7.0,3.0,6.0,3.0,4.0,1.0,7.0,5.0,2.0,7.0,5.0,1.0,4.0,2.0,6.0,3.0,6.0,4.0,7.0,2.0,3.0,5.0,1.0,6.0,7.0,5.0,2.0,3.0,4.0,1.0,1.0,4.0,3.0,6.0,5.0,7.0,2.0,5.0,6.0,4.0,3.0,2.0,7.0,1.0,2.0,5.0,3.0,4.0,1.0,6.0,7.0,5.0,4.0,7.0,3.0,2.0,1.0,6.0,5.0,3.0,1.0,6.0,4.0,2.0,7.0,2.0,7.0,5.0,6.0,1.0,4.0,3.0,2.0,3.0,5.0,1.0,6.0,7.0,4.0,6.0,4.0,2.0,3.0,1.0,5.0,7.0,1.0,7.0,3.0,2.0,5.0,6.0,4.0,6.0,1.0,5.0,2.0,4.0,7.0,3.0,4.0,5.0,7.0,2.0,1.0,6.0,3.0,3.0,1.0,4.0,2.0,5.0,6.0,7.0,5.0,6.0,3.0,4.0,1.0,7.0,2.0,2.0,5.0,4.0,7.0,1.0,6.0,3.0,5.0,7.0,6.0,3.0,1.0,2.0,4.0,6.0,2.0,1.0,5.0,4.0,7.0,3.0
2025-03-17 18:08,2025-03-17 18:59,IP Address,100,3055,TRUE,2025-03-17 18:59,anonymous,EN,P0016,4.0,5.0,3.0,7.0,2.0,6.0,1.0,2.0,6.0,3.0,5.0,4.0,7.0,1.0,2.0,6.0,3.0,4.0,5.0,7.0,1.0,3.0,4.0,5.0,6.0,2.0,7.0,1.0,5.0,3.0,1.0,4.0,7.0,6.0,2.0,2.0,6.0,3.0,4.0,5.0,7.0,1.0,4.0,6.0,3.0,2.0,1.0,7.0,5.0,2.0,5.0,6.0,4.0,3.0,7.0,1.0,2.0,6.0,3.0,4.0,5.0,7.0,1.0,2.0,7.0,3.0,5.0,6.0,4.0,1.0,5.0,6.0,3.0,4.0,2.0,7.0,1.0,1.0,4.0,6.0,3.0,2.0,7.0,5.0,2.0,4.0,3.0,7.0,6.0,5.0,1.0,2.0,5.0,3.0,7.0,4.0,6.0,1.0,5.0,4.0,2.0,6.0,3.0,7.0,1.0,7.0,3.0,2.0,4.0,5.0,6.0,1.0,4.0,3.0,2.0,7.0,6.0,5.0,1.0,6.0,5.0,1.0,4.0,3.0,7.0,2.0,It was easy,1.0,7.0,2.0,5.0,3.0,6.0,4.0,2.0,3.0,4.0,5.0,6.0,7.0,1.0,It was easy,2.0,5.0,3.0,7.0,6.0,4.0,1.0,2.0,3.0,4.0,5.0,7.0,6.0,1.0,1.0,7.0,4.0,3.0,6.0,5.0,2.0,2.0,6.0,3.0,5.0,4.0,7.0,1.0,1.0,5.0,2.0,4.0,7.0,6.0,3.0,1.0,5.0,2.0,4.0,7.0,6.0,3.0,3.0,5.0,2.0,6.0,4.0,7.0,1.0,2.0,6.0,5.0,4.0,3.0,7.0,1.0,7.0,3.0,4.0,5.0,2.0,6.0,1.0,4.0,5.0,1.0,6.0,3.0,7.0,2.0,5.0,7.0,6.0,4.0,3.0,2.0,1.0,2.0,4.0,5.0,6.0,3.0,7.0,1.0,3.0,6.0,2.0,5.0,4.0,7.0,1.0,3.0,6.0,2.0,5.0,4.0,7.0,1.0,3.0,5.0,1.0,4.0,6.0,7.0,2.0,6.0,3.0,4.0,7.0,1.0,5.0,2.0,1.0,6.0,4.0,5.0,2.0,7.0,3.0,6.0,5.0,4.0,3.0,2.0,7.0,1.0,5.0,6.0,3.0,2.0,4.0,7.0,1.0,6.0,2.0,3.0,5.0,4.0,7.0,1.0,6.0,7.0,5.0,3.0,4.0,2.0,1.0,3.0,6.0,1.0,5.0,4.0,7.0,2.0,2.0,6.0,7.0,5.0,4.0,3.0,1.0,1.0,7.0,4.0,3.0,6.0,5.0,2.0,2.0,6.0,3.0,5.0,4.0,7.0,1.0,4.0,3.0,2.0,5.0,7.0,6.0,1.0,3.0,6.0,1.0,4.0,7.0,5.0,2.0,2.0,7.0,3.0,4.0,5.0,6.0,1.0,3.0,7.0,5.0,4.0,2.0,6.0,1.0,1.0,6.0,4.0,5.0,3.0,7.0,2.0
2025-03-17 18:19,2025-03-17 19:00,IP Address,100,2447,TRUE,2025-03-17 19:00,anonymous,EN,P0039,3.0,5.0,4.0,2.0,7.0,6.0,1.0,2.0,5.0,1.0,4.0,6.0,7.0,3.0,1.0,6.0,5.0,4.0,2.0,7.0,3.0,1.0,3.0,5.0,6.0,4.0,7.0,2.0,3.0,6.0,1.0,5.0,4.0,7.0,2.0,1.0,3.0,5.0,4.0,6.0,7.0,2.0,5.0,3.0,2.0,6.0,4.0,7.0,1.0,3.0,5.0,1.0,4.0,7.0,6.0,2.0,4.0,5.0,3.0,2.0,7.0,6.0,1.0,2.0,5.0,4.0,6.0,3.0,7.0,1.0,2.0,4.0,5.0,6.0,3.0,7.0,1.0,3.0,5.0,4.0,7.0,2.0,6.0,1.0,5.0,3.0,7.0,4.0,1.0,6.0,2.0,2.0,7.0,4.0,3.0,5.0,6.0,1.0,2.0,7.0,3.0,4.0,6.0,5.0,1.0,6.0,5.0,3.0,2.0,4.0,7.0,1.0,2.0,6.0,3.0,5.0,4.0,7.0,1.0,2.0,6.0,4.0,5.0,3.0,7.0,1.0,It was easy,2.0,6.0,1.0,3.0,4.0,5.0,7.0,3.0,6.0,1.0,5.0,2.0,7.0,4.0,It was easy,1.0,4.0,5.0,6.0,3.0,7.0,2.0,2.0,5.0,4.0,3.0,7.0,6.0,1.0,6.0,7.0,4.0,3.0,2.0,5.0,1.0,2.0,5.0,4.0,6.0,3.0,7.0,1.0,4.0,5.0,2.0,7.0,3.0,6.0,1.0,3.0,7.0,2.0,5.0,4.0,6.0,1.0,1.0,6.0,4.0,7.0,2.0,5.0,3.0,2.0,4.0,3.0,6.0,5.0,7.0,1.0,2.0,5.0,3.0,7.0,4.0,6.0,1.0,3.0,6.0,5.0,4.0,2.0,7.0,1.0,2.0,7.0,3.0,5.0,4.0,6.0,1.0,2.0,6.0,3.0,4.0,5.0,7.0,1.0,2.0,6.0,3.0,5.0,4.0,7.0,1.0,4.0,5.0,3.0,6.0,2.0,7.0,1.0,2.0,5.0,3.0,7.0,6.0,4.0,1.0,4.0,7.0,5.0,6.0,2.0,3.0,1.0,7.0,4.0,6.0,3.0,2.0,5.0,1.0,3.0,2.0,4.0,5.0,7.0,6.0,1.0,4.0,6.0,5.0,2.0,3.0,7.0,1.0,7.0,5.0,2.0,3.0,4.0,6.0,1.0,1.0,4.0,5.0,3.0,6.0,7.0,2.0,3.0,4.0,2.0,5.0,6.0,7.0,1.0,2.0,7.0,6.0,1.0,4.0,5.0,3.0,4.0,7.0,6.0,1.0,2.0,5.0,3.0,6.0,5.0,3.0,4.0,1.0,7.0,2.0,1.0,4.0,7.0,3.0,5.0,6.0,2.0,2.0,5.0,1.0,4.0,3.0,7.0,6.0,3.0,6.0,4.0,5.0,2.0,7.0,1.0,1.0,6.0,4.0,3.0,7.0,5.0,2.0,2.0,7.0,3.0,4.0,5.0,6.0,1.0
2025-03-17 17:57,2025-03-17 19:01,IP Address,100,3803,TRUE,2025-03-17 19:01,anonymous,EN,P0003,4.0,1.0,6.0,3.0,2.0,7.0,5.0,7.0,3.0,6.0,2.0,1.0,5.0,4.0,4.0,7.0,2.0,3.0,6.0,5.0,1.0,3.0,6.0,1.0,4.0,7.0,5.0,2.0,3.0,7.0,1.0,5.0,2.0,6.0,4.0,4.0,7.0,5.0,2.0,1.0,6.0,3.0,2.0,6.0,3.0,4.0,5.0,7.0,1.0,2.0,4.0,3.0,5.0,7.0,6.0,1.0,2.0,6.0,3.0,4.0,5.0,7.0,1.0,2.0,6.0,3.0,4.0,5.0,7.0,1.0,3.0,7.0,2.0,6.0,5.0,4.0,1.0,1.0,7.0,3.0,4.0,6.0,5.0,2.0,5.0,3.0,1.0,2.0,4.0,7.0,6.0,7.0,2.0,1.0,4.0,3.0,6.0,5.0,5.0,3.0,7.0,2.0,1.0,4.0,6.0,4.0,6.0,3.0,5.0,1.0,7.0,2.0,6.0,3.0,1.0,2.0,5.0,4.0,7.0,7.0,1.0,4.0,2.0,3.0,5.0,6.0,It was easy,2.0,6.0,3.0,5.0,4.0,7.0,1.0,2.0,6.0,4.0,5.0,3.0,7.0,1.0,It was easy,1.0,5.0,7.0,4.0,3.0,6.0,2.0,6.0,2.0,5.0,3.0,1.0,7.0,4.0,5.0,2.0,4.0,1.0,3.0,7.0,6.0,2.0,5.0,6.0,3.0,1.0,4.0,7.0,2.0,4.0,1.0,5.0,3.0,7.0,6.0,7.0,4.0,6.0,1.0,2.0,5.0,3.0,4.0,2.0,1.0,5.0,3.0,7.0,6.0,7.0,4.0,1.0,6.0,3.0,2.0,5.0,3.0,7.0,4.0,2.0,1.0,5.0,6.0,3.0,6.0,1.0,5.0,2.0,7.0,4.0,3.0,4.0,2.0,1.0,6.0,5.0,7.0,1.0,3.0,2.0,6.0,5.0,7.0,4.0,7.0,1.0,2.0,5.0,3.0,4.0,6.0,3.0,5.0,4.0,7.0,2.0,6.0,1.0,1.0,7.0,3.0,6.0,2.0,4.0,5.0,5.0,3.0,6.0,4.0,1.0,7.0,2.0,1.0,6.0,7.0,3.0,2.0,5.0,4.0,7.0,3.0,6.0,4.0,2.0,1.0,5.0,7.0,6.0,5.0,3.0,1.0,4.0,2.0,4.0,1.0,2.0,5.0,3.0,6.0,7.0,6.0,2.0,1.0,3.0,5.0,7.0,4.0,1.0,5.0,6.0,3.0,2.0,7.0,4.0,5.0,6.0,7.0,4.0,3.0,1.0,2.0,3.0,1.0,7.0,5.0,4.0,2.0,6.0,7.0,3.0,5.0,4.0,2.0,1.0,6.0,4.0,3.0,7.0,1.0,2.0,6.0,5.0,3.0,4.0,1.0,2.0,7.0,6.0,5.0,7.0,3.0,1.0,6.0,4.0,5.0,2.0,2.0,4.0,1.0,6.0,3.0,7.0,5.0,3.0,7.0,4.0,1.0,6.0,5.0,2.0
2025-03-17 18:17,2025-03-17 19:12,IP Address,100,3314,TRUE,2025-03-17 19:12,anonymous,EN,P0036,3.0,4.0,5.0,2.0,1.0,7.0,6.0,2.0,6.0,3.0,4.0,5.0,7.0,1.0,4.0,5.0,6.0,3.0,2.0,7.0,1.0,1.0,5.0,6.0,4.0,2.0,7.0,3.0,3.0,4.0,5.0,1.0,2.0,7.0,6.0,1.0,6.0,5.0,4.0,3.0,7.0,2.0,6.0,2.0,1.0,5.0,3.0,7.0,4.0,3.0,4.0,1.0,2.0,7.0,5.0,6.0,5.0,6.0,4.0,2.0,1.0,3.0,7.0,2.0,5.0,7.0,6.0,4.0,3.0,1.0,5.0,6.0,7.0,4.0,2.0,1.0,3.0,1.0,5.0,6.0,2.0,4.0,7.0,3.0,7.0,6.0,2.0,4.0,3.0,1.0,5.0,5.0,4.0,2.0,3.0,1.0,6.0,7.0,6.0,1.0,5.0,3.0,4.0,2.0,7.0,7.0,1.0,3.0,6.0,2.0,5.0,4.0,4.0,1.0,6.0,3.0,2.0,5.0,7.0,7.0,1.0,5.0,2.0,4.0,6.0,3.0,It was easy,1.0,6.0,3.0,5.0,4.0,7.0,2.0,2.0,6.0,3.0,4.0,5.0,7.0,1.0,It was easy,4.0,5.0,3.0,6.0,2.0,1.0,7.0,6.0,2.0,3.0,4.0,1.0,5.0,7.0,2.0,6.0,4.0,5.0,3.0,7.0,1.0,2.0,4.0,6.0,3.0,1.0,5.0,7.0,4.0,7.0,3.0,2.0,1.0,6.0,5.0,2.0,4.0,5.0,3.0,1.0,6.0,7.0,4.0,6.0,7.0,2.0,1.0,5.0,3.0,7.0,4.0,6.0,3.0,1.0,2.0,5.0,3.0,6.0,7.0,5.0,2.0,1.0,4.0,7.0,3.0,2.0,1.0,5.0,4.0,6.0,5.0,4.0,6.0,2.0,1.0,7.0,3.0,2.0,7.0,6.0,1.0,3.0,5.0,4.0,5.0,2.0,7.0,1.0,3.0,4.0,6.0,5.0,4.0,7.0,6.0,3.0,2.0,1.0,6.0,5.0,2.0,4.0,1.0,7.0,3.0,5.0,4.0,6.0,7.0,3.0,1.0,2.0,3.0,5.0,7.0,6.0,1.0,4.0,2.0,5.0,4.0,6.0,2.0,1.0,7.0,3.0,4.0,3.0,6.0,2.0,1.0,5.0,7.0,6.0,4.0,3.0,2.0,1.0,5.0,7.0,4.0,5.0,1.0,3.0,2.0,6.0,7.0,3.0,4.0,6.0,2.0,1.0,5.0,7.0,1.0,5.0,7.0,3.0,4.0,2.0,6.0,6.0,5.0,2.0,3.0,1.0,4.0,7.0,6.0,3.0,4.0,2.0,1.0,5.0,7.0,6.0,7.0,5.0,4.0,1.0,2.0,3.0,6.0,5.0,3.0,4.0,2.0,7.0,1.0,3.0,6.0,2.0,4.0,1.0,7.0,5.0,4.0,7.0,2.0,6.0,3.0,5.0,1.0,7.0,3.0,6.0,5.0,1.0,2.0,4.0
2025-03-17 18:10,2025-03-17 19:14,IP Address,100,3879,TRUE,2025-03-17 19:14,anonymous,EN,P0026,5.0,6.0,2.0,1.0,4.0,7.0,3.0,3.0,6.0,1.0,5.0,4.0,7.0,2.0,2.0,3.0,5.0,6.0,4.0,7.0,1.0,3.0,5.0,7.0,4.0,2.0,6.0,1.0,7.0,6.0,3.0,4.0,1.0,5.0,2.0,1.0,5.0,3.0,2.0,6.0,7.0,4.0,5.0,3.0,2.0,4.0,6.0,7.0,1.0,2.0,3.0,5.0,4.0,7.0,6.0,1.0,2.0,5.0,3.0,6.0,4.0,7.0,1.0,1.0,7.0,5.0,6.0,3.0,4.0,2.0,4.0,7.0,5.0,6.0,3.0,2.0,1.0,4.0,6.0,1.0,5.0,3.0,7.0,2.0,3.0,5.0,4.0,7.0,2.0,6.0,1.0,1.0,7.0,3.0,6.0,4.0,5.0,2.0,2.0,7.0,3.0,6.0,5.0,4.0,1.0,2.0,6.0,3.0,5.0,4.0,7.0,1.0,1.0,6.0,5.0,4.0,3.0,7.0,2.0,3.0,5.0,1.0,7.0,6.0,4.0,2.0,It was easy,1.0,7.0,3.0,5.0,4.0,6.0,2.0,6.0,3.0,4.0,7.0,2.0,5.0,1.0,It was easy,2.0,3.0,6.0,5.0,4.0,7.0,1.0,2.0,6.0,5.0,4.0,3.0,7.0,1.0,3.0,4.0,6.0,5.0,2.0,7.0,1.0,1.0,4.0,5.0,6.0,2.0,7.0,3.0,5.0,7.0,1.0,4.0,3.0,6.0,2.0,3.0,4.0,1.0,6.0,5.0,7.0,2.0,1.0,4.0,3.0,6.0,5.0,7.0,2.0,1.0,5.0,2.0,4.0,6.0,7.0,3.0,4.0,6.0,2.0,5.0,1.0,7.0,3.0,5.0,3.0,6.0,4.0,1.0,7.0,2.0,3.0,6.0,2.0,5.0,4.0,7.0,1.0,2.0,3.0,5.0,7.0,6.0,4.0,1.0,2.0,4.0,7.0,5.0,1.0,6.0,3.0,3.0,6.0,5.0,4.0,2.0,7.0,1.0,1.0,4.0,7.0,5.0,3.0,6.0,2.0,1.0,3.0,6.0,7.0,4.0,5.0,2.0,5.0,3.0,4.0,2.0,1.0,6.0,7.0,2.0,6.0,4.0,5.0,1.0,7.0,3.0,4.0,2.0,3.0,6.0,5.0,7.0,1.0,1.0,3.0,2.0,6.0,5.0,7.0,4.0,2.0,7.0,3.0,5.0,4.0,6.0,1.0,1.0,7.0,5.0,6.0,4.0,3.0,2.0,5.0,6.0,4.0,3.0,1.0,7.0,2.0,1.0,2.0,3.0,4.0,6.0,5.0,7.0,5.0,4.0,1.0,7.0,3.0,6.0,2.0,6.0,5.0,1.0,3.0,4.0,7.0,2.0,2.0,5.0,4.0,3.0,6.0,7.0,1.0,3.0,7.0,2.0,6.0,4.0,5.0,1.0,3.0,7.0,4.0,2.0,1.0,6.0,5.0,5.0,2.0,4.0,6.0,3.0,7.0,1.0
2025-03-17 18:26,2025-03-17 19:19,IP Address,100,3217,TRUE,2025-03-17 19:20,anonymous,EN,P0045,2.0,6.0,3.0,5.0,4.0,7.0,1.0,6.0,2.0,3.0,4.0,1.0,5.0,7.0,2.0,6.0,3.0,4.0,5.0,7.0,1.0,1.0,5.0,6.0,3.0,2.0,7.0,4.0,6.0,3.0,7.0,1.0,5.0,4.0,2.0,6.0,3.0,5.0,4.0,1.0,2.0,7.0,7.0,4.0,3.0,2.0,1.0,5.0,6.0,5.0,4.0,7.0,3.0,1.0,2.0,6.0,5.0,3.0,7.0,2.0,1.0,6.0,4.0,4.0,6.0,3.0,5.0,2.0,7.0,1.0,5.0,7.0,6.0,3.0,2.0,1.0,4.0,5.0,7.0,3.0,6.0,4.0,2.0,1.0,7.0,6.0,4.0,5.0,2.0,1.0,3.0,5.0,2.0,1.0,4.0,3.0,6.0,7.0,7.0,3.0,4.0,2.0,1.0,5.0,6.0,6.0,4.0,7.0,5.0,2.0,1.0,3.0,6.0,3.0,5.0,2.0,1.0,4.0,7.0,6.0,3.0,5.0,2.0,1.0,4.0,7.0,It was easy,1.0,6.0,3.0,5.0,4.0,7.0,2.0,6.0,1.0,7.0,3.0,4.0,2.0,5.0,It was easy,6.0,4.0,1.0,3.0,2.0,7.0,5.0,7.0,6.0,4.0,3.0,2.0,1.0,5.0,7.0,3.0,1.0,2.0,6.0,4.0,5.0,5.0,2.0,4.0,3.0,1.0,6.0,7.0,3.0,4.0,1.0,6.0,2.0,7.0,5.0,5.0,2.0,6.0,4.0,3.0,1.0,7.0,3.0,4.0,5.0,2.0,1.0,7.0,6.0,5.0,7.0,3.0,4.0,1.0,6.0,2.0,5.0,7.0,6.0,3.0,4.0,2.0,1.0,6.0,4.0,7.0,3.0,1.0,5.0,2.0,3.0,4.0,5.0,7.0,1.0,6.0,2.0,3.0,6.0,7.0,2.0,1.0,4.0,5.0,3.0,4.0,7.0,2.0,1.0,6.0,5.0,6.0,3.0,7.0,4.0,1.0,5.0,2.0,2.0,3.0,4.0,1.0,7.0,6.0,5.0,1.0,4.0,7.0,2.0,3.0,6.0,5.0,1.0,6.0,7.0,2.0,3.0,4.0,5.0,3.0,4.0,1.0,7.0,5.0,6.0,2.0,7.0,5.0,2.0,3.0,1.0,6.0,4.0,2.0,6.0,4.0,5.0,3.0,7.0,1.0,1.0,5.0,6.0,2.0,3.0,7.0,4.0,2.0,7.0,5.0,1.0,4.0,6.0,3.0,7.0,4.0,2.0,3.0,1.0,6.0,5.0,5.0,4.0,6.0,3.0,2.0,7.0,1.0,2.0,4.0,7.0,6.0,1.0,5.0,3.0,6.0,2.0,5.0,4.0,3.0,1.0,7.0,1.0,6.0,7.0,4.0,2.0,5.0,3.0,7.0,4.0,2.0,5.0,3.0,6.0,1.0,5.0,7.0,6.0,4.0,2.0,1.0,3.0,1.0,5.0,7.0,4.0,3.0,2.0,6.0
2025-03-17 17:58,2025-03-17 19:23,IP Address,100,5084,TRUE,2025-03-17 19:23,anonymous,EN,P0005,1.0,4.0,3.0,5.0,7.0,6.0,2.0,2.0,6.0,3.0,5.0,4.0,7.0,1.0,2.0,4.0,3.0,5.0,6.0,7.0,1.0,2.0,4.0,3.0,7.0,5.0,6.0,1.0,3.0,6.0,2.0,4.0,5.0,7.0,1.0,2.0,3.0,4.0,6.0,5.0,7.0,1.0,2.0,6.0,3.0,5.0,4.0,7.0,1.0,2.0,6.0,3.0,4.0,5.0,7.0,1.0,4.0,6.0,2.0,5.0,3.0,7.0,1.0,2.0,7.0,3.0,6.0,5.0,4.0,1.0,4.0,7.0,3.0,5.0,2.0,6.0,1.0,2.0,4.0,3.0,7.0,5.0,6.0,1.0,1.0,6.0,4.0,5.0,2.0,7.0,3.0,2.0,5.0,3.0,7.0,4.0,6.0,1.0,1.0,5.0,2.0,4.0,6.0,7.0,3.0,2.0,7.0,3.0,5.0,6.0,4.0,1.0,2.0,6.0,5.0,4.0,3.0,7.0,1.0,3.0,6.0,2.0,5.0,4.0,7.0,1.0,It was easy,2.0,6.0,3.0,5.0,4.0,7.0,1.0,2.0,6.0,3.0,7.0,4.0,5.0,1.0,It was easy,2.0,5.0,4.0,7.0,3.0,6.0,1.0,1.0,6.0,3.0,4.0,5.0,7.0,2.0,3.0,4.0,6.0,5.0,2.0,7.0,1.0,2.0,6.0,3.0,5.0,4.0,7.0,1.0,2.0,7.0,3.0,5.0,4.0,6.0,1.0,1.0,5.0,3.0,4.0,6.0,7.0,2.0,2.0,3.0,4.0,7.0,5.0,6.0,1.0,1.0,6.0,3.0,4.0,7.0,5.0,2.0,3.0,4.0,2.0,5.0,1.0,6.0,7.0,2.0,7.0,5.0,3.0,4.0,6.0,1.0,3.0,7.0,2.0,4.0,5.0,6.0,1.0,2.0,6.0,3.0,5.0,4.0,7.0,1.0,1.0,6.0,3.0,5.0,4.0,7.0,2.0,3.0,6.0,5.0,2.0,4.0,7.0,1.0,2.0,4.0,3.0,6.0,5.0,7.0,1.0,1.0,6.0,3.0,5.0,4.0,7.0,2.0,4.0,2.0,7.0,6.0,5.0,3.0,1.0,2.0,6.0,3.0,5.0,4.0,7.0,1.0,2.0,7.0,3.0,5.0,4.0,6.0,1.0,2.0,6.0,5.0,4.0,3.0,7.0,1.0,3.0,7.0,4.0,2.0,5.0,6.0,1.0,4.0,6.0,3.0,5.0,2.0,7.0,1.0,2.0,3.0,6.0,7.0,4.0,5.0,1.0,1.0,7.0,3.0,2.0,6.0,5.0,4.0,3.0,5.0,1.0,6.0,2.0,7.0,4.0,7.0,3.0,5.0,2.0,4.0,6.0,1.0,2.0,5.0,7.0,4.0,3.0,6.0,1.0,2.0,6.0,3.0,5.0,4.0,7.0,1.0,2.0,4.0,3.0,7.0,6.0,5.0,1.0,2.0,6.0,3.0,7.0,4.0,5.0,1.0
2025-03-17 18:13,2025-03-17 19:23,IP Address,100,4201,TRUE,2025-03-17 19:23,anonymous,EN,P0042,6.0,7.0,2.0,1.0,5.0,4.0,3.0,3.0,6.0,2.0,5.0,4.0,7.0,1.0,2.0,4.0,3.0,6.0,7.0,5.0,1.0,2.0,5.0,3.0,4.0,6.0,7.0,1.0,4.0,6.0,1.0,5.0,3.0,7.0,2.0,2.0,3.0,5.0,7.0,1.0,4.0,6.0,7.0,3.0,2.0,4.0,5.0,6.0,1.0,3.0,6.0,2.0,5.0,4.0,7.0,1.0,7.0,3.0,5.0,2.0,4.0,6.0,1.0,2.0,7.0,3.0,6.0,4.0,5.0,1.0,6.0,7.0,2.0,5.0,3.0,4.0,1.0,3.0,6.0,4.0,5.0,1.0,7.0,2.0,2.0,6.0,4.0,5.0,3.0,7.0,1.0,2.0,3.0,4.0,5.0,6.0,7.0,1.0,3.0,5.0,2.0,4.0,6.0,7.0,1.0,6.0,3.0,2.0,4.0,7.0,5.0,1.0,1.0,6.0,4.0,5.0,2.0,7.0,3.0,2.0,3.0,4.0,6.0,5.0,7.0,1.0,It was easy,2.0,6.0,3.0,5.0,4.0,7.0,1.0,2.0,4.0,3.0,6.0,5.0,7.0,1.0,It was easy,2.0,3.0,5.0,6.0,4.0,7.0,1.0,1.0,6.0,5.0,4.0,3.0,7.0,2.0,4.0,6.0,2.0,3.0,5.0,7.0,1.0,1.0,6.0,2.0,5.0,4.0,7.0,3.0,3.0,6.0,2.0,4.0,5.0,7.0,1.0,2.0,6.0,1.0,5.0,4.0,7.0,3.0,1.0,6.0,3.0,5.0,4.0,7.0,2.0,5.0,3.0,2.0,4.0,6.0,7.0,1.0,7.0,5.0,6.0,3.0,2.0,4.0,1.0,3.0,5.0,4.0,6.0,2.0,7.0,1.0,2.0,4.0,3.0,6.0,5.0,7.0,1.0,2.0,5.0,3.0,4.0,6.0,7.0,1.0,3.0,6.0,2.0,5.0,4.0,7.0,1.0,4.0,6.0,3.0,2.0,5.0,7.0,1.0,1.0,6.0,2.0,5.0,4.0,7.0,3.0,2.0,5.0,3.0,7.0,4.0,6.0,1.0,2.0,7.0,3.0,6.0,5.0,4.0,1.0,2.0,4.0,3.0,7.0,5.0,6.0,1.0,4.0,7.0,3.0,5.0,2.0,6.0,1.0,2.0,4.0,3.0,5.0,6.0,7.0,1.0,2.0,5.0,3.0,4.0,6.0,7.0,1.0,4.0,5.0,3.0,6.0,2.0,7.0,1.0,7.0,5.0,3.0,2.0,4.0,6.0,1.0,7.0,5.0,1.0,4.0,2.0,6.0,3.0,2.0,5.0,3.0,6.0,4.0,7.0,1.0,4.0,6.0,2.0,3.0,7.0,5.0,1.0,2.0,4.0,1.0,6.0,5.0,7.0,3.0,1.0,3.0,4.0,6.0,5.0,7.0,2.0,2.0,6.0,4.0,7.0,3.0,5.0,1.0,4.0,6.0,2.0,7.0,3.0,5.0,1.0
2025-03-17 18:08,2025-03-17 19:23,IP Address,100,4506,TRUE,2025-03-17 19:23,anonymous,EN,P0019,3.0,5.0,1.0,4.0,2.0,7.0,6.0,3.0,4.0,1.0,6.0,7.0,5.0,2.0,3.0,6.0,4.0,5.0,2.0,7.0,1.0,2.0,5.0,4.0,3.0,6.0,7.0,1.0,4.0,7.0,2.0,5.0,3.0,6.0,1.0,6.0,1.0,7.0,4.0,2.0,5.0,3.0,2.0,6.0,3.0,4.0,5.0,7.0,1.0,5.0,6.0,4.0,3.0,2.0,7.0,1.0,2.0,6.0,3.0,4.0,5.0,7.0,1.0,2.0,7.0,6.0,3.0,5.0,4.0,1.0,4.0,7.0,2.0,6.0,5.0,3.0,1.0,5.0,4.0,6.0,7.0,3.0,2.0,1.0,3.0,6.0,4.0,5.0,2.0,7.0,1.0,3.0,6.0,2.0,5.0,1.0,4.0,7.0,4.0,5.0,1.0,7.0,3.0,6.0,2.0,6.0,2.0,4.0,5.0,3.0,7.0,1.0,5.0,4.0,1.0,3.0,7.0,6.0,2.0,4.0,6.0,1.0,3.0,2.0,7.0,5.0,It was easy,1.0,6.0,3.0,5.0,4.0,7.0,2.0,1.0,5.0,2.0,4.0,6.0,7.0,3.0,It was easy,1.0,6.0,4.0,5.0,3.0,7.0,2.0,3.0,5.0,6.0,4.0,1.0,7.0,2.0,6.0,4.0,2.0,3.0,5.0,7.0,1.0,2.0,5.0,1.0,7.0,4.0,6.0,3.0,2.0,4.0,1.0,6.0,3.0,7.0,5.0,3.0,4.0,7.0,6.0,1.0,5.0,2.0,2.0,6.0,5.0,3.0,1.0,7.0,4.0,7.0,5.0,2.0,4.0,3.0,6.0,1.0,3.0,4.0,6.0,2.0,5.0,7.0,1.0,4.0,3.0,5.0,6.0,2.0,7.0,1.0,3.0,6.0,1.0,5.0,4.0,7.0,2.0,2.0,7.0,3.0,5.0,6.0,4.0,1.0,2.0,7.0,3.0,6.0,4.0,5.0,1.0,3.0,4.0,2.0,6.0,5.0,7.0,1.0,1.0,5.0,3.0,7.0,6.0,4.0,2.0,1.0,6.0,4.0,5.0,2.0,7.0,3.0,7.0,4.0,2.0,6.0,3.0,5.0,1.0,3.0,2.0,7.0,6.0,1.0,5.0,4.0,4.0,6.0,3.0,5.0,2.0,7.0,1.0,3.0,6.0,2.0,5.0,4.0,7.0,1.0,4.0,2.0,7.0,5.0,3.0,6.0,1.0,3.0,7.0,5.0,2.0,6.0,4.0,1.0,7.0,4.0,2.0,3.0,1.0,5.0,6.0,2.0,1.0,3.0,4.0,6.0,7.0,5.0,4.0,6.0,3.0,5.0,2.0,7.0,1.0,3.0,6.0,2.0,5.0,4.0,7.0,1.0,3.0,6.0,1.0,4.0,5.0,7.0,2.0,4.0,6.0,2.0,3.0,1.0,7.0,5.0,2.0,3.0,4.0,7.0,6.0,5.0,1.0,4.0,7.0,3.0,5.0,2.0,6.0,1.0
2025-03-17 18:13,2025-03-17 19:34,IP Address,100,4864,TRUE,2025-03-17 19:34,anonymous,EN,P0030,6.0,4.0,5.0,1.0,3.0,2.0,7.0,6.0,1.0,7.0,3.0,2.0,4.0,5.0,2.0,6.0,3.0,5.0,4.0,7.0,1.0,5.0,6.0,4.0,3.0,1.0,7.0,2.0,1.0,5.0,3.0,4.0,2.0,6.0,7.0,3.0,7.0,1.0,6.0,5.0,4.0,2.0,1.0,6.0,4.0,3.0,2.0,7.0,5.0,2.0,6.0,3.0,5.0,4.0,7.0,1.0,5.0,6.0,7.0,1.0,2.0,3.0,4.0,2.0,7.0,5.0,4.0,3.0,6.0,1.0,6.0,5.0,4.0,3.0,2.0,7.0,1.0,3.0,2.0,6.0,5.0,1.0,7.0,4.0,4.0,7.0,6.0,1.0,3.0,2.0,5.0,1.0,3.0,6.0,5.0,4.0,7.0,2.0,6.0,1.0,3.0,5.0,2.0,7.0,4.0,3.0,5.0,6.0,7.0,1.0,4.0,2.0,2.0,3.0,1.0,5.0,6.0,7.0,4.0,3.0,6.0,5.0,4.0,2.0,7.0,1.0,It was easy,2.0,5.0,3.0,6.0,4.0,7.0,1.0,1.0,2.0,3.0,6.0,4.0,5.0,7.0,It was easy,4.0,1.0,7.0,5.0,3.0,6.0,2.0,2.0,6.0,3.0,5.0,4.0,7.0,1.0,1.0,7.0,4.0,3.0,6.0,5.0,2.0,3.0,7.0,4.0,6.0,1.0,5.0,2.0,4.0,6.0,5.0,2.0,3.0,7.0,1.0,4.0,7.0,5.0,2.0,3.0,1.0,6.0,3.0,4.0,2.0,7.0,5.0,6.0,1.0,7.0,2.0,3.0,5.0,4.0,6.0,1.0,6.0,4.0,5.0,7.0,2.0,1.0,3.0,3.0,7.0,1.0,2.0,5.0,6.0,4.0,1.0,3.0,2.0,5.0,6.0,7.0,4.0,1.0,5.0,7.0,4.0,3.0,6.0,2.0,7.0,5.0,2.0,4.0,3.0,6.0,1.0,6.0,2.0,4.0,3.0,5.0,7.0,1.0,7.0,5.0,1.0,4.0,3.0,6.0,2.0,1.0,4.0,3.0,7.0,5.0,6.0,2.0,4.0,5.0,3.0,6.0,2.0,7.0,1.0,4.0,3.0,5.0,1.0,7.0,6.0,2.0,5.0,7.0,2.0,3.0,1.0,6.0,4.0,2.0,3.0,4.0,7.0,5.0,6.0,1.0,2.0,6.0,3.0,7.0,5.0,4.0,1.0,4.0,5.0,2.0,3.0,1.0,7.0,6.0,7.0,5.0,2.0,1.0,3.0,6.0,4.0,2.0,5.0,1.0,7.0,4.0,3.0,6.0,6.0,2.0,1.0,4.0,5.0,7.0,3.0,6.0,7.0,3.0,2.0,5.0,4.0,1.0,1.0,3.0,2.0,6.0,5.0,7.0,4.0,2.0,6.0,3.0,5.0,4.0,7.0,1.0,5.0,3.0,6.0,4.0,2.0,7.0,1.0,2.0,4.0,6.0,7.0,3.0,5.0,1.0
2025-03-17 19:39,2025-03-17 19:56,IP Address,100,1008,TRUE,2025-03-17 19:56,anonymous,EN,P0046,3.0,5.0,7.0,6.0,2.0,1.0,4.0,6.0,4.0,1.0,5.0,3.0,2.0,7.0,4.0,2.0,6.0,5.0,1.0,7.0,3.0,3.0,7.0,2.0,5.0,1.0,6.0,4.0,2.0,7.0,3.0,4.0,1.0,6.0,5.0,2.0,6.0,3.0,4.0,5.0,7.0,1.0,3.0,4.0,7.0,2.0,1.0,6.0,5.0,4.0,5.0,2.0,3.0,1.0,6.0,7.0,6.0,3.0,5.0,1.0,2.0,7.0,4.0,4.0,7.0,6.0,5.0,1.0,2.0,3.0,4.0,6.0,5.0,2.0,3.0,1.0,7.0,1.0,6.0,7.0,3.0,5.0,4.0,2.0,3.0,7.0,2.0,1.0,5.0,6.0,4.0,1.0,7.0,2.0,4.0,6.0,5.0,3.0,4.0,3.0,2.0,1.0,6.0,7.0,5.0,3.0,7.0,6.0,1.0,4.0,5.0,2.0,6.0,3.0,7.0,2.0,1.0,5.0,4.0,1.0,2.0,4.0,5.0,3.0,7.0,6.0,It was easy,1.0,6.0,5.0,4.0,3.0,7.0,2.0,1.0,4.0,7.0,6.0,2.0,3.0,5.0,It was easy,6.0,2.0,3.0,7.0,1.0,4.0,5.0,3.0,2.0,6.0,4.0,1.0,5.0,7.0,3.0,6.0,1.0,2.0,4.0,7.0,5.0,3.0,6.0,1.0,5.0,2.0,7.0,4.0,7.0,6.0,1.0,5.0,2.0,3.0,4.0,3.0,4.0,7.0,1.0,2.0,6.0,5.0,1.0,7.0,5.0,4.0,2.0,3.0,6.0,1.0,2.0,4.0,5.0,3.0,6.0,7.0,2.0,5.0,3.0,1.0,7.0,6.0,4.0,6.0,5.0,4.0,7.0,2.0,1.0,3.0,5.0,6.0,2.0,4.0,3.0,7.0,1.0,5.0,3.0,6.0,2.0,1.0,7.0,4.0,5.0,7.0,4.0,2.0,1.0,3.0,6.0,3.0,7.0,6.0,4.0,2.0,5.0,1.0,4.0,7.0,2.0,3.0,5.0,6.0,1.0,6.0,5.0,1.0,3.0,2.0,7.0,4.0,3.0,7.0,4.0,2.0,6.0,5.0,1.0,3.0,6.0,4.0,2.0,1.0,7.0,5.0,6.0,5.0,1.0,2.0,3.0,7.0,4.0,6.0,1.0,4.0,5.0,2.0,7.0,3.0,6.0,3.0,5.0,2.0,1.0,7.0,4.0,4.0,1.0,3.0,5.0,2.0,7.0,6.0,2.0,4.0,7.0,1.0,3.0,6.0,5.0,2.0,3.0,4.0,1.0,6.0,7.0,5.0,7.0,5.0,6.0,3.0,1.0,4.0,2.0,1.0,6.0,5.0,2.0,3.0,4.0,7.0,1.0,2.0,7.0,5.0,3.0,4.0,6.0,2.0,5.0,6.0,4.0,1.0,7.0,3.0,4.0,5.0,6.0,2.0,1.0,7.0,3.0,2.0,6.0,4.0,5.0,3.0,7.0,1.0
2025-03-17 19:47,2025-03-17 20:41,IP Address,100,3229,TRUE,2025-03-17 20:41,anonymous,EN,P0047,1.0,6.0,3.0,4.0,2.0,7.0,5.0,3.0,6.0,1.0,5.0,4.0,7.0,2.0,3.0,4.0,5.0,2.0,6.0,7.0,1.0,2.0,6.0,3.0,4.0,5.0,7.0,1.0,2.0,7.0,3.0,5.0,1.0,6.0,4.0,3.0,6.0,1.0,4.0,5.0,7.0,2.0,3.0,6.0,1.0,2.0,7.0,5.0,4.0,2.0,4.0,3.0,5.0,7.0,6.0,1.0,7.0,6.0,1.0,5.0,3.0,4.0,2.0,3.0,6.0,4.0,7.0,2.0,5.0,1.0,2.0,7.0,6.0,3.0,4.0,5.0,1.0,2.0,7.0,3.0,5.0,4.0,6.0,1.0,7.0,5.0,3.0,6.0,1.0,4.0,2.0,1.0,4.0,2.0,6.0,5.0,7.0,3.0,3.0,4.0,1.0,5.0,6.0,7.0,2.0,4.0,5.0,3.0,7.0,2.0,6.0,1.0,2.0,6.0,5.0,4.0,3.0,7.0,1.0,4.0,2.0,6.0,5.0,3.0,7.0,1.0,It was easy,3.0,6.0,2.0,4.0,1.0,5.0,7.0,4.0,6.0,3.0,2.0,1.0,7.0,5.0,It was easy,2.0,6.0,4.0,3.0,1.0,5.0,7.0,1.0,3.0,5.0,4.0,6.0,7.0,2.0,5.0,3.0,6.0,4.0,2.0,7.0,1.0,2.0,5.0,7.0,3.0,4.0,6.0,1.0,2.0,7.0,3.0,5.0,4.0,6.0,1.0,2.0,6.0,1.0,5.0,4.0,7.0,3.0,1.0,6.0,3.0,7.0,4.0,5.0,2.0,2.0,6.0,3.0,5.0,4.0,7.0,1.0,4.0,3.0,2.0,5.0,1.0,6.0,7.0,5.0,3.0,7.0,4.0,2.0,6.0,1.0,5.0,6.0,2.0,4.0,3.0,7.0,1.0,2.0,6.0,4.0,3.0,5.0,7.0,1.0,2.0,7.0,3.0,5.0,4.0,6.0,1.0,1.0,6.0,5.0,4.0,3.0,7.0,2.0,1.0,4.0,2.0,5.0,7.0,6.0,3.0,2.0,5.0,6.0,3.0,4.0,7.0,1.0,5.0,4.0,7.0,6.0,3.0,2.0,1.0,3.0,2.0,4.0,5.0,6.0,7.0,1.0,4.0,7.0,1.0,2.0,6.0,5.0,3.0,3.0,5.0,2.0,6.0,4.0,7.0,1.0,2.0,3.0,5.0,4.0,6.0,7.0,1.0,3.0,5.0,2.0,6.0,4.0,7.0,1.0,6.0,5.0,3.0,2.0,1.0,7.0,4.0,3.0,6.0,5.0,4.0,1.0,7.0,2.0,2.0,6.0,4.0,1.0,5.0,7.0,3.0,4.0,6.0,1.0,5.0,3.0,7.0,2.0,2.0,6.0,3.0,4.0,7.0,5.0,1.0,2.0,7.0,1.0,5.0,4.0,6.0,3.0,2.0,3.0,6.0,5.0,4.0,7.0,1.0,2.0,6.0,4.0,5.0,3.0,7.0,1.0
2025-03-17 18:14,2025-03-17 23:08,IP Address,100,17661,TRUE,2025-03-17 23:08,anonymous,EN,P0053,7.0,6.0,2.0,1.0,4.0,5.0,3.0,2.0,6.0,3.0,4.0,5.0,7.0,1.0,4.0,6.0,2.0,5.0,3.0,7.0,1.0,6.0,5.0,2.0,4.0,3.0,7.0,1.0,3.0,6.0,2.0,4.0,1.0,7.0,5.0,1.0,5.0,2.0,6.0,4.0,7.0,3.0,2.0,6.0,3.0,4.0,5.0,7.0,1.0,2.0,6.0,4.0,5.0,3.0,7.0,1.0,3.0,4.0,1.0,6.0,2.0,7.0,5.0,1.0,7.0,4.0,6.0,5.0,3.0,2.0,1.0,5.0,2.0,7.0,6.0,4.0,3.0,2.0,4.0,5.0,6.0,3.0,7.0,1.0,6.0,4.0,1.0,7.0,3.0,5.0,2.0,3.0,7.0,4.0,5.0,2.0,6.0,1.0,6.0,4.0,1.0,3.0,2.0,5.0,7.0,5.0,3.0,7.0,4.0,1.0,6.0,2.0,5.0,6.0,4.0,2.0,1.0,7.0,3.0,3.0,5.0,4.0,2.0,7.0,6.0,1.0,It was easy,3.0,5.0,2.0,4.0,6.0,7.0,1.0,2.0,6.0,4.0,5.0,3.0,7.0,1.0,It was easy,3.0,4.0,1.0,6.0,7.0,5.0,2.0,1.0,6.0,2.0,5.0,4.0,7.0,3.0,1.0,6.0,2.0,5.0,4.0,7.0,3.0,5.0,3.0,1.0,4.0,2.0,7.0,6.0,2.0,3.0,6.0,7.0,1.0,5.0,4.0,3.0,2.0,1.0,6.0,4.0,7.0,5.0,3.0,2.0,6.0,4.0,1.0,7.0,5.0,3.0,6.0,2.0,4.0,7.0,5.0,1.0,7.0,5.0,1.0,4.0,3.0,6.0,2.0,3.0,6.0,7.0,1.0,2.0,5.0,4.0,3.0,7.0,6.0,4.0,1.0,2.0,5.0,3.0,4.0,5.0,6.0,1.0,7.0,2.0,3.0,5.0,6.0,2.0,1.0,7.0,4.0,1.0,7.0,3.0,5.0,4.0,2.0,6.0,1.0,6.0,5.0,7.0,4.0,2.0,3.0,7.0,5.0,3.0,4.0,2.0,6.0,1.0,6.0,3.0,7.0,1.0,4.0,2.0,5.0,7.0,5.0,6.0,1.0,2.0,3.0,4.0,3.0,7.0,6.0,2.0,1.0,4.0,5.0,6.0,1.0,2.0,3.0,5.0,4.0,7.0,1.0,5.0,7.0,4.0,3.0,6.0,2.0,1.0,5.0,2.0,4.0,3.0,6.0,7.0,2.0,5.0,6.0,3.0,4.0,7.0,1.0,3.0,7.0,2.0,1.0,4.0,5.0,6.0,2.0,6.0,4.0,3.0,1.0,7.0,5.0,1.0,4.0,3.0,5.0,6.0,7.0,2.0,1.0,7.0,5.0,6.0,4.0,2.0,3.0,5.0,6.0,3.0,2.0,4.0,7.0,1.0,2.0,5.0,1.0,7.0,3.0,6.0,4.0,2.0,4.0,1.0,5.0,7.0,6.0,3.0
